temperature,tiltState,digitalVibrationState,soundState,analogVibration,accelX,accelY,accelZ,gyroX,gyroY,gyroZ,label
29.38,1,0,1,871,0.19,-0.01,-1.05,-0.34,-1.65,0.05,0
29.38,1,0,1,871,0.19,-0.01,-1.06,-0.13,-1.56,0.18,0
29.24,1,0,1,871,0.19,-0.01,-1.05,-0.22,-1.44,0.13,0
29.38,1,0,1,871,0.19,-0.01,-1.05,-0.24,-1.37,0.11,0
29.38,1,0,1,871,0.19,-0.01,-1.06,-0.22,-1.73,0.19,0
29.33,1,0,1,871,0.19,-0.01,-1.06,-0.11,-1.5,-0.05,0
29.42,1,0,1,871,0.19,-0.01,-1.05,-0.34,-1.6,0.2,0
29.28,1,0,1,871,0.17,-0.03,-1.06,-0.27,-1.58,0.27,0
29.47,1,0,1,871,0.19,0,-1.05,-0.34,-1.35,0.03,0
29.33,1,0,1,871,0.19,-0.03,-1.13,0.08,-1.51,0.18,0
29.38,1,0,1,871,0.17,-0.01,-0.89,-0.44,-1.36,0.05,0
29.47,1,0,1,871,0.17,-0.02,-0.91,0.08,-1.45,0.03,0
29.42,1,0,1,871,0.25,-0.02,-1.48,-0.3,-1.76,0.15,0
29.33,1,0,1,871,0.19,0,-1.03,-0.53,-1.79,0.18,0
29.38,1,0,1,871,0.19,-0.01,-1.06,-0.25,-1.69,0.19,0
29.38,1,0,1,871,0.19,-0.01,-1.05,-0.13,-1.64,0.11,0
29.42,1,0,1,871,0.19,-0.01,-1.05,-0.37,-1.47,0.14,0
29.47,1,0,1,871,0.19,-0.01,-1.05,-0.34,-1.66,0.13,0
29.28,1,0,1,871,0.19,-0.01,-1.06,-0.32,-1.64,0.11,0
29.38,1,0,1,871,0.19,-0.02,-1.06,-0.23,-1.75,0.08,0
29.33,1,0,1,871,0.19,-0.01,-1.06,-0.12,-1.71,0.22,0
29.38,1,0,1,871,0.19,-0.01,-1.05,-0.22,-1.63,0.22,0
29.38,1,0,1,871,0.19,-0.01,-1.05,-0.22,-1.56,0.03,0
29.42,1,0,1,871,0.21,-0.1,-1.41,-0.4,-1.27,0.14,0
29.28,1,0,1,871,0.19,0.06,-0.75,-1,-1.53,0.31,0
29.38,1,0,1,871,0.19,-0.01,-1.06,-0.25,-1.56,0.15,0
29.38,1,0,1,871,0.19,0,-1.05,-0.54,-1.35,0.08,0
29.24,1,0,1,871,0.18,-0.03,-1.06,-0.02,-1.66,0.05,0
29.28,1,0,1,871,0.17,0,-0.9,-0.6,-1.63,0.03,0
29.38,1,1,1,870,0.18,-0.01,-0.92,-0.53,-1.66,0.15,0
29.33,1,0,1,871,0.18,0,-0.95,0.01,-1.92,0.38,0
29.38,1,0,1,871,0.18,-0.01,-0.98,-0.09,-1.48,0.23,0
29.28,1,0,1,871,0.2,0,-1.05,-0.09,-1.4,0.15,0
29.42,1,0,1,871,0.21,-0.01,-1.19,-0.09,-1.66,0.13,0
29.33,1,0,1,871,0.2,-0.01,-1.15,-0.46,-1.71,0.02,0
29.38,1,0,1,871,0.19,-0.01,-1.03,-0.4,-1.7,0.16,0
29.33,1,0,1,871,0.19,-0.01,-1.04,-0.21,-1.7,0.1,0
29.42,1,0,1,871,0.18,-0.01,-1.05,-0.31,-1.42,0.08,0
29.38,1,0,1,870,0.19,0,-1.04,-0.16,-1.66,0.18,0
29.38,1,0,1,871,0.18,-0.01,-1.05,-0.22,-1.63,-0.02,0
29.33,1,0,1,871,0.19,0,-1.05,-0.32,-1.62,0.21,0
29.38,1,0,1,870,0.18,-0.02,-1.05,-0.48,-1.57,0.18,0
29.47,1,0,1,870,0.19,-0.01,-1.06,-0.18,-1.56,0.05,0
29.33,1,0,1,870,0.19,-0.01,-1.05,-0.32,-1.65,0.1,0
29.33,1,0,1,870,0.2,0,-1.06,-0.24,-1.73,0.15,0
29.38,1,0,1,871,0.19,-0.02,-1.06,-0.27,-1.64,0.25,0
29.28,1,0,1,871,0.2,0,-1.06,-0.18,-1.73,0,0
29.33,1,0,1,871,0.18,-0.02,-1.06,-0.16,-1.55,0.03,0
29.38,1,0,1,871,0.2,0,-1.05,-0.27,-1.64,0.06,0
29.33,1,0,1,871,0.18,-0.03,-1.05,-0.13,-1.69,0.02,0
29.38,1,0,1,871,0.2,0,-1.05,-0.4,-1.55,0.11,0
29.38,1,0,1,871,0.18,-0.02,-1.04,-0.25,-1.67,0.18,0
29.33,1,0,1,871,0.19,0,-1.05,-0.43,-1.54,0.18,0
29.24,1,0,1,871,0.19,-0.02,-1.06,-0.2,-1.73,0.31,0
29.38,1,0,1,871,0.19,0,-1.05,-0.62,-1.4,0.07,0
29.33,1,0,1,871,0.19,-0.02,-1.07,-0.02,-1.89,0.26,0
29.42,1,0,1,871,0.19,0,-1.05,-0.56,-1.2,0.05,0
29.47,1,0,1,871,0.19,-0.01,-1.06,0.31,-1.8,0.23,0
29.38,1,0,1,871,0.19,0,-1.05,-0.8,-1.22,0.08,0
29.42,1,0,1,871,0.19,-0.01,-1.07,0.1,-2.1,0.21,0
29.38,1,0,1,871,0.18,-0.01,-1.05,-0.92,-1.24,0.13,0
29.38,1,0,1,871,0.2,-0.01,-1.06,0.53,-2.25,0.28,0
29.33,1,0,1,871,0.17,-0.02,-1.05,-0.69,-0.97,-0.05,0
29.42,1,0,1,871,0.2,0.01,-1.07,0.61,-2.22,0.28,0
29.38,1,0,1,871,0.17,-0.03,-1.04,-1.3,-0.86,-0.09,0
29.42,1,0,1,871,0.21,0.01,-1.06,0.49,-2.6,0.21,0
29.33,1,0,1,871,0.16,-0.06,-1.05,-1.6,-0.48,0.14,0
29.38,1,0,1,871,0.23,0.04,-1.05,1.27,-2.75,0.51,0
29.42,1,0,1,871,0.16,-0.06,-1.06,-0.73,-0.44,-0.14,0
29.47,1,0,1,871,0.23,0.06,-1.04,1.18,-2.8,0.49,0
29.38,1,0,1,871,0.16,-0.06,-1.04,-2,-0.53,-0.18,0
29.47,1,0,1,871,0.23,0.08,-1.04,0.72,-3.32,0.33,0
29.42,1,0,1,871,0.14,-0.11,-1.06,-2.24,-0.05,-0.13,0
29.33,1,0,1,871,0.22,0.1,-1.05,2.06,-2.58,0.76,0
29.38,1,0,1,871,0.15,-0.11,-1.07,-0.4,-0.2,-0.02,0
29.42,1,0,1,871,0.26,0.11,-1.06,2,-3.09,0.5,0
29.47,1,0,1,871,0.2,-0.12,-1.08,-2.47,-0.32,-0.2,0
46.24,1,0,1,871,0.2,-0.12,-1.08,-2.47,-0.32,-0.2,0
29.33,1,1,1,871,0.3,-0.19,-1.69,-0.65,-1.79,0.09,0
29.42,1,1,1,871,0.2,0.14,-0.44,-1.98,-2.34,0.69,0
29.38,1,1,1,871,0.1,-0.04,-0.4,-2.43,-1.36,0.33,0
29.47,1,0,1,871,0.31,-0.04,-2,7.28,-4.41,0.07,0
29.33,1,0,1,871,0.18,0,-0.93,-1.52,-1.2,0.23,0
29.42,1,0,1,871,0.17,-0.01,-0.9,-1.24,-0.89,0.09,0
29.28,1,0,0,871,0.18,0,-0.91,-0.51,-1.51,0.19,0
29.33,1,0,0,871,0.17,-0.01,-0.94,-0.41,-1.4,0.07,0
29.42,1,0,1,871,0.18,0,-0.96,-0.31,-1.71,0.11,0
29.47,1,0,1,871,0.18,-0.01,-0.98,-0.25,-1.32,0.11,0
29.38,1,0,1,871,0.22,-0.02,-1.2,0.11,-1.71,0.05,0
29.33,1,0,1,871,0.21,-0.01,-1.19,-0.13,-1.56,0.16,0
29.42,1,0,1,871,0.21,-0.01,-1.14,-0.18,-1.64,0.19,0
29.42,1,0,1,899,0.19,-0.01,-1.04,-0.6,-1.63,0.04,0
29.33,1,0,1,899,0.19,0,-1.03,-0.32,-1.67,0.06,0
29.47,1,0,1,899,0.19,-0.01,-1.03,-0.34,-1.53,0.2,0
29.38,1,0,1,899,0.19,-0.01,-1.04,-0.23,-1.76,0.13,0
29.38,1,0,0,899,0.18,-0.01,-1.05,-0.25,-1.56,0.09,0
29.38,1,0,1,899,0.2,0,-1.05,-0.23,-1.58,0.13,0
29.42,1,0,1,899,0.18,-0.02,-1.06,-0.27,-1.55,0.14,0
29.42,1,0,1,899,0.19,0,-1.05,-0.24,-1.52,0.04,0
29.42,1,0,1,898,0.18,-0.02,-1.04,-0.17,-1.76,0.09,0
29.38,1,0,1,899,0.2,0,-1.05,-0.25,-1.65,0.18,0
29.38,1,0,1,899,0.19,-0.01,-1.05,-0.26,-1.66,0.05,0
29.47,1,0,1,899,0.19,0,-1.05,-0.37,-1.6,0.19,0
29.47,1,0,0,899,0.19,-0.02,-1.05,-0.27,-1.6,0.12,0
29.42,1,0,1,899,0.2,0.01,-1.06,-0.43,-1.5,0.24,0
29.42,1,0,1,899,0.18,-0.02,-1.06,-0.14,-1.63,0.07,0
29.52,1,0,1,899,0.19,0,-1.06,-0.5,-1.47,0.14,0
29.38,1,0,1,899,0.19,-0.02,-1.06,-0.02,-1.81,0.2,0
29.47,1,0,1,899,0.19,0,-1.05,-0.63,-1.52,0.12,0
29.47,1,0,1,899,0.19,-0.01,-1.07,-0.06,-1.82,0.16,0
29.47,1,0,1,899,0.19,0,-1.05,-0.62,-1.19,0.13,0
29.42,1,0,1,899,0.19,-0.02,-1.06,0.11,-1.89,0.24,0
29.42,1,0,1,899,0.19,-0.01,-1.05,-0.47,-1.2,0.09,0
29.38,1,0,1,899,0.2,-0.01,-1.05,0.15,-1.85,0.23,0
29.47,1,0,1,899,0.18,-0.01,-1.05,-0.87,-1.15,0.06,0
29.38,1,0,1,899,0.2,-0.01,-1.07,0.31,-1.92,0.26,0
29.38,1,0,1,899,0.18,-0.02,-1.05,-1.03,-1.1,-0.13,0
29.38,1,0,1,899,0.21,0,-1.06,0.52,-2.2,0.3,0
29.42,1,0,1,899,0.18,-0.03,-1.05,-0.81,-0.75,0.19,0
29.42,1,0,1,899,0.22,0.02,-1.06,0.44,-2.17,0.27,0
29.42,1,0,1,899,0.16,-0.04,-1.05,-1.28,-0.87,-0.11,0
29.42,1,0,1,899,0.22,0.03,-1.06,0.44,-2.47,0.31,0
29.47,1,0,1,899,0.15,-0.07,-1.05,-1.32,-0.56,-0.13,0
29.47,1,0,1,899,0.24,0.05,-1.06,1.31,-2.65,0.48,0
29.47,1,0,1,899,0.15,-0.08,-1.06,-0.74,-0.57,0.05,0
29.38,1,0,1,899,0.24,0.08,-1.04,0.92,-2.79,0.23,0
29.47,1,0,1,899,0.15,-0.09,-1.06,-2.02,-0.53,-0.19,0
29.42,1,0,1,899,0.23,0.09,-1.04,0.54,-2.99,0.17,0
29.42,1,0,1,899,0.12,-0.13,-1.08,-1.83,-0.24,-0.02,0
29.42,1,0,1,899,0.23,0.11,-1.04,1.95,-2.76,0.69,0
29.42,1,0,1,899,0.19,-0.01,-1.06,-0.23,-1.52,0.11,0
29.42,1,0,1,899,0.19,-0.01,-1.05,-0.42,-1.71,0.17,0
29.38,1,0,1,899,0.18,-0.01,-1.05,-0.18,-1.68,0.15,0
29.47,1,0,1,899,0.19,-0.01,-1.06,-0.26,-1.48,0.1,0
29.38,1,0,1,899,0.2,-0.01,-1.05,-0.24,-1.61,-0.05,0
29.89,1,0,1,899,0.19,-0.01,-1.08,-0.4,-1.67,-0.08,0
29.8,1,0,1,899,0.19,-0.01,-1.04,-0.38,-1.43,0.15,0
29.75,1,0,1,899,0.18,-0.01,-1.06,-0.4,-1.46,0.25,0
29.75,1,0,1,899,0.18,0,-1.02,-0.27,-1.65,0.15,0
29.85,1,0,1,899,0.18,0,-1.04,-0.46,-1.63,0.18,0
29.8,1,0,1,899,0.19,-0.01,-1.06,-0.38,-1.69,0.21,0
29.8,1,0,1,899,0.18,0,-1.06,-0.47,-1.62,0.26,0
29.8,1,0,1,899,0.18,0,-1.03,-0.24,-1.51,0.27,0
29.75,1,0,1,899,0.18,0,-1.04,-0.44,-1.65,0.16,0
29.75,1,0,1,899,0.18,0,-1.06,-0.3,-1.53,-0.03,0
29.71,1,0,1,899,0.18,-0.01,-1.04,-0.43,-1.63,0.08,0
29.8,1,0,1,899,0.18,0,-1.05,-0.42,-1.79,0.14,0
29.71,1,0,1,899,0.18,0,-1.02,-0.36,-1.44,0.31,0
29.75,1,0,1,899,0.18,0,-1.08,-0.32,-1.49,0.26,0
29.75,1,0,1,899,0.19,-0.01,-1.05,-0.42,-1.53,0.16,0
29.8,1,0,1,899,0.2,-0.01,-1.1,-0.34,-1.55,0.36,0
29.71,1,0,1,899,0.19,-0.01,-1.05,-0.35,-1.56,0.2,0
29.89,1,0,1,899,0.18,0,-1.06,-0.3,-1.66,0.12,0
29.85,1,0,1,899,0.18,-0.01,-1.03,-0.4,-1.7,0.18,0
29.85,1,0,1,899,0.19,0,-1.09,-0.42,-1.6,0.1,0
29.8,1,0,1,899,0.19,-0.01,-1.12,-0.32,-1.43,0.15,0
29.8,1,0,1,899,0.19,0,-1.06,-0.33,-1.51,0.11,0
29.8,1,0,1,899,0.19,0,-1.06,-0.27,-1.59,0.08,0
29.75,1,0,1,899,0.19,-0.01,-1.1,-0.39,-1.44,0.2,0
29.66,1,0,1,899,0.19,0,-1.05,-0.31,-1.51,0.02,0
29.75,1,0,1,899,0.19,-0.01,-1.08,-0.21,-1.51,0.1,0
29.71,1,0,1,899,0.19,0,-1.09,-0.42,-1.53,0.11,0
29.8,1,0,1,899,0.19,0,-1.08,-0.27,-1.61,0.17,0
29.8,1,0,1,899,0.18,-0.01,-1.04,-0.37,-1.6,0.21,0
29.66,1,0,1,899,0.2,-0.01,-1.08,-0.36,-1.52,0.19,0
29.85,1,0,1,899,0.19,-0.01,-1.07,-0.42,-1.54,0.05,0
29.85,1,0,1,899,0.2,0,-1.08,-0.37,-1.44,0.08,0
29.8,1,0,1,899,0.18,-0.01,-1.04,-0.23,-1.66,0.21,0
29.8,1,0,1,899,0.18,-0.01,-1.05,-0.28,-1.35,0.18,0
29.71,1,0,1,899,0.19,-0.01,-1.07,-0.38,-1.34,0.24,0
29.75,1,0,1,899,0.18,0,-1.04,-0.47,-1.44,0.08,0
29.75,1,0,1,898,0.18,0,-1.04,-0.37,-1.44,0.03,0
29.85,1,0,1,899,0.18,-0.01,-1,-0.48,-1.53,0.02,0
29.8,1,0,1,898,0.19,0,-1.06,-0.48,-1.63,-0.05,0
29.8,1,0,1,899,0.18,-0.01,-1.06,-0.39,-1.56,0.15,0
29.75,1,0,1,899,0.19,-0.01,-1.05,-0.24,-1.4,0.15,0
29.85,1,0,1,899,0.18,-0.01,-1.04,-0.37,-1.59,0.14,0
29.75,1,0,1,899,0.19,0,-1.03,-0.25,-1.47,0.05,0
29.71,1,0,1,899,0.19,-0.01,-1.09,-0.4,-1.6,0.09,0
29.89,1,0,1,899,0.18,-0.01,-1.01,-0.38,-1.39,0.08,0
29.8,1,0,1,899,0.19,0,-1.06,-0.35,-1.58,0.08,0
29.75,1,0,1,899,0.19,0,-1.04,-0.28,-1.49,0.21,0
29.75,1,0,1,899,0.17,-0.01,-1.02,-0.6,-1.5,0.08,0
29.8,1,0,1,899,0.19,-0.01,-1.07,-0.29,-1.75,0.15,0
29.71,1,0,1,899,0.18,0,-1.05,-0.34,-1.44,0.21,0
29.89,1,0,1,899,0.19,0,-1.04,-0.38,-1.6,0.16,0
29.75,1,0,1,899,0.18,0,-1.02,-0.21,-1.57,0.12,0
29.75,1,0,1,899,0.18,0,-1.07,-0.35,-1.54,0.21,0
29.75,1,0,1,899,0.18,-0.01,-1.05,-0.3,-1.36,0.04,0
29.8,1,0,1,898,0.18,-0.01,-1.02,-0.37,-1.47,0.24,0
29.75,1,0,1,899,0.19,0,-1.08,-0.21,-1.85,0.11,0
29.89,1,0,1,899,0.2,-0.01,-1.14,-0.27,-1.53,0.27,0
29.75,1,0,1,899,0.17,-0.01,-1.02,-0.26,-1.46,0.08,0
29.85,1,0,1,899,0.2,-0.01,-1.13,-0.44,-1.34,-0.01,0
29.75,1,0,1,899,0.18,0,-1.02,-0.34,-1.61,0.16,0
29.8,1,0,1,899,0.18,-0.01,-1.02,-0.6,-1.53,0.22,0
29.71,1,0,1,899,0.18,-0.01,-1.03,-0.31,-1.47,0.1,0
29.8,1,0,1,899,0.19,-0.01,-1.08,-0.23,-1.79,-0.01,0
29.75,1,0,1,899,0.2,-0.01,-1.14,-0.32,-1.6,0.04,0
29.75,1,0,1,899,0.19,-0.01,-1.05,-0.5,-1.53,-0.02,0
29.75,1,0,1,899,0.19,0,-1.07,-0.24,-1.56,0,0
29.8,1,0,1,899,0.21,-0.01,-1.16,-0.28,-1.82,0.11,0
29.8,1,0,1,899,0.19,-0.01,-1.06,-0.25,-1.59,0.02,0
29.85,1,0,1,899,0.19,-0.01,-1.06,-0.35,-1.47,0.14,0
29.75,1,0,1,899,0.19,-0.01,-1.05,-0.34,-1.45,0.21,0
29.75,1,0,1,899,0.19,-0.01,-1.05,-0.46,-1.39,0.14,0
29.8,1,0,1,899,0.17,-0.01,-1,-0.48,-1.38,0.26,0
29.89,1,0,1,898,0.17,0,-0.95,-0.43,-1.43,0.16,0
29.89,1,0,1,899,0.18,0,-1.05,-0.26,-1.57,0.14,0
29.85,1,0,1,899,0.18,0,-0.99,-0.37,-1.54,0.09,0
29.75,1,0,1,899,0.19,-0.01,-1.01,-0.41,-1.51,0.12,0
29.75,1,0,1,899,0.17,-0.01,-0.93,-0.47,-1.62,0.16,0
29.71,1,0,1,899,0.19,0,-1.05,-0.31,-1.42,0.13,0
29.71,1,0,1,899,0.19,-0.01,-1.08,-0.27,-1.53,0.08,0
29.75,1,0,1,899,0.18,-0.01,-1.05,-0.31,-1.44,0.15,0
29.85,1,0,1,899,0.18,-0.01,-1.01,-0.44,-1.5,0.13,0
29.75,1,0,1,899,0.19,-0.01,-1.03,-0.33,-1.6,0.19,0
29.75,1,0,1,899,0.19,-0.01,-1.02,-0.31,-1.71,0.19,0
29.89,1,0,1,899,0.18,-0.01,-1.05,-0.2,-1.47,0.05,0
29.8,1,0,1,899,0.18,0,-1.03,-0.37,-1.6,0.21,0
29.8,1,0,1,899,0.18,0,-0.99,-0.34,-1.53,0.2,0
29.75,1,0,1,899,0.18,0,-1.02,-0.37,-1.53,0.09,0
29.75,1,0,1,899,0.2,0,-1.12,-0.44,-1.42,0.1,0
29.71,1,0,1,899,0.19,-0.01,-1.04,-0.43,-1.51,0.11,0
29.8,1,0,1,899,0.21,0,-1.16,-0.4,-1.34,0.18,0
29.75,1,0,1,899,0.19,0,-1.07,-0.47,-1.35,0.17,0
29.75,1,0,1,899,0.18,0,-0.97,-0.21,-1.56,0.23,0
29.75,1,0,1,899,0.19,0,-1.07,-0.3,-1.48,0.06,0
29.75,1,0,1,899,0.19,-0.01,-1.06,-0.28,-1.6,0.05,0
29.89,1,0,1,899,0.18,-0.01,-1.02,-0.45,-1.68,0.03,0
29.8,1,0,1,899,0.19,-0.01,-1.04,-0.48,-1.34,0.2,0
29.85,1,0,1,899,0.19,0,-1.09,-0.29,-1.6,0.04,0
29.75,1,0,1,899,0.18,0,-1.04,-0.34,-1.44,0.03,0
29.66,1,0,1,899,0.2,0,-1.13,-0.28,-1.65,0.16,0
29.8,1,0,1,899,0.19,-0.01,-1.05,-0.28,-1.56,0.08,0
29.8,1,0,1,899,0.17,-0.01,-1,-0.34,-1.53,-0.03,0
29.85,1,0,1,899,0.17,-0.01,-0.89,-0.34,-1.62,0.07,0
29.85,1,0,1,899,0.18,0,-1.06,-0.3,-1.53,0.19,0
29.85,1,0,1,899,0.2,-0.01,-1.11,-0.31,-1.5,0.15,0
29.8,1,0,1,899,0.17,-0.01,-0.98,-0.1,-1.59,0.01,0
29.8,1,0,1,899,0.19,-0.01,-1.07,-0.35,-1.6,0.08,0
29.66,1,0,1,899,0.17,0,-0.95,-0.37,-1.44,0.14,0
29.8,1,0,1,899,0.18,-0.01,-0.98,-0.44,-1.5,0.05,0
29.85,1,0,1,899,0.2,-0.01,-1.15,-0.23,-1.68,0.03,0
29.8,1,0,1,899,0.19,-0.01,-1.11,-0.3,-1.28,0.15,0
29.75,1,0,1,899,0.18,-0.01,-1.05,-0.32,-1.61,0.09,0
29.71,1,0,1,899,0.19,-0.01,-1.08,-0.37,-1.44,0.17,0
29.85,1,0,1,899,0.18,-0.01,-0.99,-0.47,-1.51,0.21,0
29.71,1,0,1,899,0.2,-0.01,-1.16,-0.37,-1.65,0.22,0
29.85,1,0,1,899,0.18,0,-1.02,-0.43,-1.38,0.1,0
29.8,1,0,1,899,0.19,0,-1.04,-0.62,-1.39,0.23,0
29.75,1,0,1,899,0.2,-0.01,-1.13,-0.25,-1.47,0.05,0
29.85,1,0,1,899,0.18,-0.01,-1.04,-0.42,-1.57,0.11,0
29.8,1,0,1,899,0.2,-0.01,-1.15,-0.11,-1.63,0.21,0
29.75,1,0,1,899,0.16,-0.01,-0.93,-0.27,-1.35,0.18,0
29.85,1,0,1,898,0.2,-0.01,-1.17,-0.36,-1.6,0.12,0
29.8,1,0,1,899,0.18,0,-1.03,-0.35,-1.52,0.13,0
29.75,1,0,1,899,0.18,-0.01,-1.03,-0.44,-1.32,0.2,0
29.8,1,0,1,899,0.2,-0.01,-1.18,-0.23,-1.73,0.11,0
29.71,1,0,1,899,0.2,0,-1.14,-0.31,-1.48,0.31,0
29.75,1,0,1,898,0.2,0,-1.11,-0.32,-1.5,0.26,0
29.89,1,0,1,899,0.16,-0.01,-0.88,-0.24,-1.89,0.13,0
29.75,1,0,1,899,0.2,0,-1.16,-0.22,-1.51,0.03,0
29.75,1,0,1,898,0.18,0,-0.99,-0.28,-1.67,0.12,0
29.8,1,0,1,899,0.17,0,-0.89,-0.24,-1.42,0.06,0
29.85,1,0,1,899,0.2,-0.01,-1.13,-0.25,-1.63,0.11,0
29.75,1,0,1,899,0.18,0,-1.03,-0.4,-1.66,0.14,0
29.89,1,0,1,899,0.2,-0.01,-1.12,-0.33,-1.55,0.18,0
29.75,1,0,1,899,0.19,0,-1.09,-0.46,-1.56,0.17,0
29.85,1,0,1,899,0.17,0,-0.96,-0.34,-1.4,0.18,0
29.89,1,0,1,899,0.22,-0.01,-1.24,-0.43,-1.71,0.27,0
29.75,1,0,1,899,0.18,-0.01,-1.03,-0.44,-1.49,0.21,0
29.8,1,0,1,899,0.18,0,-0.99,-0.47,-1.64,0.05,0
29.89,1,0,1,899,0.18,-0.01,-1.1,-0.21,-1.5,0.15,0
29.85,1,0,1,899,0.17,-0.01,-0.96,-0.45,-1.63,-0.07,0
29.8,1,0,1,899,0.18,-0.01,-1.02,-0.33,-1.41,0.13,0
29.8,1,0,1,899,0.18,-0.01,-1.01,-0.23,-1.34,0.02,0
29.85,1,0,1,899,0.17,0,-1.01,-0.39,-1.51,0.06,0
29.71,1,0,1,899,0.17,-0.01,-0.89,-0.42,-1.56,0.14,0
29.66,1,0,1,899,0.18,-0.01,-0.97,-0.53,-1.44,0.05,0
29.85,1,0,1,899,0.17,0,-0.94,-0.33,-1.42,0.05,0
29.8,1,0,1,899,0.18,-0.01,-1.01,-0.34,-1.6,0.08,0
29.8,1,0,1,899,0.19,-0.01,-1.09,-0.27,-1.79,0.16,0
29.75,1,0,1,899,0.17,0,-0.89,-0.35,-1.44,0.09,0
29.8,1,0,1,899,0.17,-0.01,-1,-0.29,-1.56,-0.02,0
29.75,1,0,1,899,0.18,0,-0.98,-0.31,-1.47,0.06,0
29.89,1,0,1,899,0.18,-0.01,-0.99,-0.44,-1.56,0.08,0
29.8,1,0,1,899,0.19,-0.01,-1.06,-0.41,-1.45,0.27,0
29.75,1,0,1,898,0.19,-0.01,-1.06,-0.34,-1.58,0.03,0
29.8,1,0,1,899,0.19,0,-1.06,-0.47,-1.47,0.17,0
29.71,1,0,1,899,0.19,-0.01,-1.06,-0.44,-1.25,0.26,0
29.75,1,0,1,899,0.19,0,-1.06,-0.31,-1.6,-0.04,0
29.8,1,0,1,898,0.19,-0.01,-1.06,-0.56,-1.37,0.05,0
29.89,1,0,1,899,0.19,0,-1.06,-0.36,-1.69,0.24,0
29.85,1,0,1,899,0.19,0,-1.07,-0.47,-1.44,0.06,0
29.8,1,0,1,899,0.18,-0.01,-1.06,-0.27,-1.44,-0.05,0
29.75,1,0,1,899,0.18,-0.01,-1.06,-0.3,-1.56,0.08,0
29.85,1,0,1,899,0.19,-0.01,-1.06,-0.27,-1.47,0.27,0
29.89,1,0,1,899,0.18,-0.01,-1.06,-0.26,-1.53,0.21,0
29.85,1,0,1,899,0.19,-0.01,-1.05,-0.4,-1.37,0.09,0
29.89,1,0,1,899,0.19,0,-1.06,-0.31,-1.55,0.02,0
29.75,1,0,1,899,0.19,0,-1.05,-0.4,-1.47,0.11,0
29.85,1,0,1,899,0.19,0,-1.05,-0.25,-1.58,0.11,0
29.8,1,0,1,898,0.19,-0.01,-1.07,-0.33,-1.58,0.17,0
29.71,1,0,1,898,0.19,0,-1.06,-0.46,-1.57,0.27,0
30.08,1,0,1,896,0.1,0.03,-1.01,-0.47,-1.1,0.25,0
30.08,1,0,1,896,0.09,0.03,-0.94,-0.72,-1.07,0.27,0
30.08,1,0,1,896,0.09,0.02,-0.9,-0.63,-0.98,0.33,0
30.08,1,0,1,895,0.09,0.03,-0.81,-0.73,-1.21,0.19,0
30.04,1,0,1,895,0.09,0.02,-0.78,-0.95,-1.04,0.15,0
30.08,1,0,1,895,0.1,0.02,-0.82,-1.24,-1.31,0.11,0
30.08,1,0,1,895,0.11,0.02,-0.87,-0.98,-0.76,0.18,0
29.99,1,0,1,895,0.11,0.01,-0.9,-1.02,-1.02,0.33,0
30.18,1,0,1,895,0.12,0.02,-0.97,-0.86,-0.56,0.27,0
30.04,1,0,1,895,0.12,0.02,-1.06,-0.91,-0.74,0.39,0
30.08,1,0,1,895,0.14,0.02,-1.16,-1.31,-1.26,0.26,0
30.08,1,0,1,895,0.15,0.02,-1.28,-0.85,-0.45,0.53,0
30.04,1,0,1,895,0.15,0.01,-1.37,-0.79,-0.26,0.5,0
30.08,1,0,1,895,0.16,0.02,-1.4,-0.34,-0.73,0.33,0
30.13,1,0,1,895,0.17,0.01,-1.35,-0.19,-0.63,0.24,0
30.13,1,0,1,895,0.16,0.01,-1.28,0.01,-1.11,0.03,0
30.08,1,0,1,895,0.15,0.01,-1.17,0.43,-0.91,-0.18,0
30.04,1,0,1,895,0.14,0.01,-1.04,-0.05,-1.68,0.14,0
30.08,1,0,1,895,0.12,0.01,-0.85,-0.18,-1.44,0.32,0
29.99,1,0,1,895,0.11,0,-0.74,-0.66,-1.34,0.1,0
30.13,1,0,1,895,0.12,0,-0.75,-0.9,-1.36,0.15,0
29.99,1,0,1,895,0.14,0,-0.93,-1.27,-0.52,0.2,0
30.04,1,0,1,895,0.17,0,-1.18,-0.98,-1.25,0.19,0
30.08,1,0,1,895,0.19,0,-1.39,-0.82,-0.73,0.27,0
30.08,1,0,1,895,0.18,0,-1.35,-0.19,-1.5,-0.05,0
30.04,1,0,1,895,0.17,0,-1.19,0,-1.44,0.04,0
29.99,1,0,1,895,0.14,0,-0.94,-0.44,-1.98,0.24,0
30.08,1,0,1,895,0.12,0,-0.72,-0.47,-1.34,0.34,0
29.99,1,0,1,895,0.13,0,-0.81,-1.07,-1.11,-0.05,0
30.13,1,0,1,895,0.16,0,-1.14,-1.29,-1.37,0.15,0
30.13,1,0,1,895,0.19,-0.01,-1.4,-0.64,-1.58,0.27,0
29.99,1,0,1,896,0.18,-0.01,-1.28,-0.02,-1.13,-0.03,0
30.13,1,0,1,895,0.15,-0.01,-1.01,-0.28,-1.75,0.06,0
30.08,1,0,1,894,0.12,-0.01,-0.72,-0.36,-1.49,0.18,0
30.08,1,0,1,896,0.14,-0.01,-0.87,-0.91,-0.89,-0.04,0
30.04,1,0,1,895,0.19,-0.01,-1.31,-1.14,-0.67,0.24,0
30.08,1,0,1,895,0.2,-0.01,-1.34,-0.35,-1.07,0.03,0
30.04,1,0,1,895,0.17,-0.01,-1.06,-0.23,-1.98,0.15,0
30.13,1,0,1,895,0.12,-0.01,-0.71,-0.5,-1.41,0.22,0
30.08,1,0,1,895,0.14,-0.01,-0.93,-0.86,-0.73,0.24,0
30.04,1,0,1,895,0.21,-0.02,-1.39,-0.75,-1.61,0.32,0
30.04,1,0,1,895,0.18,-0.01,-1.24,-0.02,-1.23,0.01,0
30.08,1,0,1,895,0.13,0,-0.82,-0.34,-1.54,0.32,0
30.04,1,0,1,895,0.14,0,-0.81,-1.08,-1,-0.01,0
29.99,1,0,1,895,0.2,-0.01,-1.35,-1.29,-1.12,0.34,0
30.08,1,0,1,895,0.19,-0.01,-1.26,-0.08,-1.44,0.08,0
30.08,1,0,1,895,0.14,-0.01,-0.81,-0.42,-1.47,0.37,0
30.04,1,0,1,895,0.14,-0.01,-0.88,-1.25,-0.7,0.02,0
30.04,1,0,1,895,0.21,-0.01,-1.41,-0.55,-0.73,0.16,0
29.99,1,0,1,895,0.18,-0.01,-1.16,-0.03,-2.17,0.24,0
30.08,1,0,1,895,0.12,-0.01,-0.69,-0.59,-1.27,0.14,0
30.08,1,0,1,895,0.18,-0.01,-1.16,-1.47,-0.62,0.18,0
30.04,1,0,1,849,0.19,-0.01,-1.32,-0.25,-1.27,0.12,0
30.13,1,0,1,897,0.13,-0.01,-0.79,-0.64,-1.59,0.05,0
30.04,1,0,1,894,0.16,-0.01,-0.95,-0.6,-0.16,0.12,0
30.08,1,0,1,875,0.21,-0.02,-1.4,0.23,-2.18,-0.08,0
29.99,1,0,1,878,0.14,0,-0.89,-0.22,-1.92,0.21,0
30.08,1,0,1,880,0.14,-0.01,-0.88,-1.24,-0.91,0.18,0
30.04,1,0,1,876,0.21,-0.02,-1.41,-0.38,-2.63,0.07,0
30.13,1,0,1,882,0.15,-0.01,-0.88,-0.37,-1.56,0.08,0
30.08,1,0,1,883,0.15,-0.01,-0.92,-1.25,-0.47,0.15,0
30.08,1,0,1,877,0.21,-0.02,-1.38,-0.34,-1.35,0.03,0
30.08,1,0,1,880,0.13,-0.01,-0.76,-0.34,-1.53,0.3,0
30.13,1,0,1,880,0.18,-0.02,-1.13,-1.21,-0.2,0.11,0
30.13,1,0,1,877,0.2,-0.02,-1.25,0.02,-1.44,-0.05,0
30.04,1,0,1,882,0.12,-0.01,-0.69,-0.75,-1.21,0.11,0
29.99,1,0,1,877,0.21,-0.03,-1.4,-0.77,0.48,0.33,0
29.99,1,0,1,880,0.16,-0.01,-0.97,-0.09,-1.86,0.14,0
30.08,1,0,1,881,0.15,-0.02,-0.94,-1.14,-0.54,0.06,0
30.04,1,0,1,876,0.21,-0.02,-1.31,-0.12,-1.44,0.31,0
30.04,1,0,1,884,0.13,-0.01,-0.68,-0.66,-1.27,0.23,0
30.04,1,0,1,877,0.22,-0.03,-1.42,-0.81,-1.71,0.08,0
30.08,1,0,1,879,0.15,0,-0.85,-0.24,-1.66,0.32,0
30.08,1,0,1,878,0.19,-0.02,-1.14,-1.04,-0.57,0.11,0
29.94,1,0,1,877,0.19,-0.02,-1.14,0.17,-1.75,0.01,0
30.04,1,0,1,880,0.15,-0.01,-0.84,-1.26,-0.83,0.17,0
30.13,1,0,1,875,0.21,-0.02,-1.31,0.13,-1.56,0.17,0
29.99,1,0,1,879,0.13,-0.01,-0.7,-1.14,-1.44,0.15,0
29.99,1,0,1,874,0.22,-0.02,-1.41,-0.16,-1.73,0.17,0
30.08,1,0,1,878,0.12,-0.01,-0.67,-0.53,-1.61,0.19,0
30.04,1,0,1,875,0.22,-0.03,-1.44,-0.54,-1.7,0.25,0
30.13,1,0,1,876,0.12,-0.01,-0.7,-0.29,-1.47,0.3,0
30.04,1,0,1,875,0.22,-0.02,-1.43,-0.93,-1.18,0.01,0
30.18,1,0,1,876,0.13,-0.02,-0.72,-0.47,-1.38,0.37,0
29.99,1,0,1,874,0.22,-0.03,-1.42,-0.87,-1.31,0.14,0
30.08,1,0,1,875,0.13,-0.01,-0.72,-0.53,-1.36,0.29,0
30.13,1,0,1,873,0.22,-0.02,-1.44,-0.63,-0.6,0.18,0
30.04,1,0,1,875,0.12,-0.01,-0.69,-0.39,-1.23,0.06,0
29.99,1,0,1,874,0.23,-0.03,-1.45,0.53,-3.83,-0.2,0
30.08,1,0,1,875,0.12,-0.01,-0.65,-0.58,-1.2,0.21,0
30.08,1,0,1,873,0.22,-0.03,-1.4,-0.21,-1.46,0.14,0
30.04,1,0,1,875,0.13,-0.01,-0.72,-1.13,-1.26,0.22,0
29.09,1,0,1,902,0.1,-0.12,-1.03,5.27,-3.63,0.89,0
29.09,1,0,1,902,0.08,-0.13,-1.1,-8.26,3.74,-0.83,0
28.91,1,0,1,902,0.1,-0.11,-0.97,4.18,-2.52,-0.21,0
29,1,0,1,902,0.13,-0.14,-1.33,-3.08,-1.14,-0.18,0
29.09,1,0,0,902,0.08,-0.08,-0.75,1.96,-3.78,0.76,0
29,1,0,1,902,0.13,-0.19,-1.71,1.26,-0.76,-0.5,0
29.14,1,0,0,902,0.04,-0.04,-0.31,-1.82,0.95,0.6,0
29.05,1,0,1,902,0.14,-0.23,-2,14.94,2.24,0.16,0
29.05,1,0,1,902,0.09,-0.01,-0.14,-19.58,-9.28,1.95,0
29,1,0,1,902,0.16,-0.19,-1.63,19.4,-1.06,1.12,0
29,1,0,1,902,0.08,-0.08,-0.86,-13.05,-3.04,-0.17,0
29.09,1,0,1,902,0.08,-0.08,-0.7,2.99,-4.43,1.82,0
29.09,1,0,1,902,0.13,-0.21,-2,9.5,7.08,-0.14,0
29,1,0,0,902,0.03,-0.02,-0.14,-21.95,-5.76,0.55,0
29,1,0,1,902,0.15,-0.17,-1.37,14.78,-2.37,1.4,0
29,1,0,1,903,0.13,-0.17,-1.52,-1.76,0.42,-0.66,0
29,1,0,1,902,0.07,-0.01,-0.12,-8.78,-6.44,0.68,0
29,1,0,1,902,0.07,-0.2,-1.6,21.3,1.79,1.29,0
29,1,0,1,902,0.13,-0.16,-1.41,-1.83,-0.73,0.07,0
29.09,1,1,1,902,0.04,-0.01,-0.11,-9.36,-2.45,-1.07,0
29.09,1,0,1,902,0.14,-0.15,-1.48,22.74,-2.15,1.94,0
29.09,1,0,1,902,0.14,-0.21,-1.81,3.38,-0.92,-0.98,0
29,1,0,1,902,0.07,-0.01,-0.22,-30.43,-7.15,1.47,0
29.09,1,0,1,902,0.05,-0.09,-0.71,0.44,-1.95,-0.16,0
29.09,1,0,1,902,0.13,-0.24,-1.98,19.02,3.92,0.53,0
29,1,0,1,903,0.13,-0.15,-1.33,-3.12,0.4,-0.56,0
29,1,1,1,903,0.06,-0.01,-0.07,-27.82,-2.08,0.94,0
29.05,1,0,1,902,0.09,-0.09,-0.75,1.18,-5.5,1.45,0
29.09,1,0,1,902,0.1,-0.25,-1.84,15.44,6.05,-2.17,0
29.05,1,0,1,903,0.15,-0.2,-1.75,3.68,-1.39,-0.11,0
29.09,1,0,0,903,0.07,-0.05,-0.47,-27.23,-5.21,-0.09,0
29.05,1,0,0,902,0.04,-0.02,-0.08,-10.05,-0.72,-0.37,0
28.95,1,0,1,903,0.09,-0.13,-0.94,5.39,-4.06,0,0
29.05,1,0,1,903,0.14,-0.23,-1.83,19.79,-2.51,0.55,0
29.14,1,0,1,903,0.17,-0.24,-2,8.21,-0.25,0.76,0
29.05,1,0,1,903,0.06,-0.15,-1.21,-8.27,5.6,-2.82,0
29.05,1,0,1,903,0.03,-0.03,-0.3,-32.78,2.46,0.11,0
29.05,1,1,1,902,0.06,0,-0.08,-13.48,-6.42,1.14,0
29.05,1,1,0,902,0.08,-0.05,-0.46,-1.27,-0.13,1.36,0
29.05,1,0,1,903,0.07,-0.14,-1.03,5.65,-4.17,1.44,0
29.05,1,0,1,902,0.21,-0.2,-1.6,26.75,-6.26,3.86,0
29,1,0,1,902,0.13,-0.26,-1.96,21.82,1.27,0.85,0
29,1,0,1,902,0.11,-0.28,-2,19.76,7.11,-3.04,0
29.09,1,0,1,902,0.16,-0.24,-1.94,10.23,0.21,-1.2,0
29,1,0,1,902,0.13,-0.19,-1.6,0.97,-1.63,0.55,0
29,1,0,1,902,0.1,-0.15,-1.27,-2.38,2.12,0.04,0
29,1,0,1,902,0.04,-0.12,-0.98,-12.71,-1.95,-3.37,0
29.09,1,0,1,902,0.11,-0.08,-0.83,-18.51,-3.64,-1.67,0
28.95,1,0,1,902,0.05,-0.07,-0.63,-24.95,0.76,-1.58,0
29.05,1,0,0,902,0.1,-0.06,-0.61,-26.09,0.32,0.33,0
29.05,1,0,1,903,0.08,-0.05,-0.64,-26.72,-1.81,1.64,0
29.05,1,0,1,903,0.1,-0.06,-0.65,-23.73,-4.47,0.66,0
29.09,1,0,1,902,0.05,-0.1,-0.82,-19.03,-1.31,-1.62,0
29.09,1,0,1,902,0.07,-0.12,-1.01,-12.53,-2.49,-1.15,0
29,1,0,1,902,0.08,-0.17,-1.27,-9.92,4.85,-3.04,0
29.09,1,0,1,902,0.12,-0.21,-1.62,-0.14,-1.87,-1.11,0
29,1,0,1,902,0.17,-0.25,-1.98,5.31,-1.7,0.89,0
29.09,1,0,1,902,0.15,-0.28,-2,20.11,1.6,-1.08,0
29.09,1,0,1,902,0.19,-0.28,-1.95,21.93,-3.82,1.29,0
29.09,1,0,1,902,0.11,-0.24,-1.56,20.51,-9.22,1.14,0
29.05,1,0,1,902,0.07,-0.14,-1.01,2.61,-2.6,-1.1,0
29.14,1,0,1,902,0.11,-0.04,-0.4,0.08,-2.19,4.28,0
29.14,1,1,0,902,0.03,0,0.01,-13.27,-5.15,0.08,0
29.05,1,1,1,902,0.09,-0.01,-0.34,-37.61,-0.36,-1.36,0
28.95,1,0,1,902,0.09,-0.17,-1.35,2.64,2.76,-0.92,0
29.05,1,0,1,902,0.15,-0.28,-2,18.91,2.49,-0.6,0
29.14,1,0,1,902,0.17,-0.27,-1.82,24.8,-2.36,4.17,0
29.09,1,0,1,902,0.1,-0.12,-0.91,3.35,-5.52,4.27,0
29.09,1,1,0,902,0,-0.01,-0.05,-19.31,-1.69,-2.63,0
29,1,1,1,902,0.09,-0.06,-0.62,-23.5,-4.26,-2.87,0
29.05,1,0,1,902,0.14,-0.28,-1.98,7.31,3.95,-3.61,0
29.05,1,0,1,902,0.09,-0.3,-1.7,27.22,-0.57,-1.52,0
29.05,1,1,1,902,0.1,-0.05,-0.5,-0.15,-2.76,0.95,0
29.14,1,1,0,902,0.07,-0.01,-0.11,-39.25,-3.45,-0.22,0
29.05,1,1,1,902,0.16,-0.26,-1.68,-0.66,-2.35,-0.76,0
29.14,1,0,1,902,0.17,-0.31,-1.77,28.54,-5.99,3.85,0
29.05,1,1,0,902,0.04,-0.02,-0.39,-5.84,0,-0.15,0
29.14,1,1,0,902,0.07,-0.08,-0.46,-52.37,-2.78,-6.63,0
29.14,1,1,1,902,0.2,-0.41,-2,20.59,4.83,-0.65,0
29.09,1,0,1,902,0.17,-0.18,-0.65,16,-1.34,-0.27,0
29.09,1,1,1,902,0.1,-0.01,-0.14,-34.6,-12.27,-0.29,0
29.09,1,1,1,902,0.19,-0.59,-2,11.86,-1.65,-2.31,0
29.09,1,1,1,902,0.12,-0.29,-0.81,-0.01,1.24,-0.13,0
29.05,1,1,1,902,0.07,-0.06,-0.11,-63.31,-12.82,-3.47,0
29.14,1,1,1,902,0.29,-0.74,-2,50.36,1.53,4.38,0
29.09,1,1,1,902,0.07,-0.12,-0.37,0.25,1.54,2.25,0
29.09,1,1,0,902,0.15,-0.35,-0.96,-55.9,-1.01,-7.75,0
29.09,1,1,1,902,0.12,-0.76,-1.43,55.95,1.19,8.17,0
29.09,1,1,1,902,-0.01,0.01,0.2,-101.69,-3.06,-12.31,0
35.92,1,0,0,902,-0.01,0.01,0.2,-101.69,-3.06,-12.31,0
29.05,1,1,1,902,0.04,-0.13,-0.25,-2.25,-1.2,3.49,0
29.14,1,1,1,902,0.1,-0.71,-1.41,-15.69,3.56,-6.73,0
29.09,1,1,1,902,0.07,-0.49,-0.67,-4.24,0.24,-2.47,0
29.19,1,1,1,902,0.07,-0.39,-0.78,-72.15,1.79,-16.35,0
39.77,1,0,1,902,0,0,0,0,0,0,0
29.05,1,1,1,902,0.11,-0.21,-0.47,-119.49,-5.34,-21.82,0
29.14,1,0,1,902,0.02,-0.9,-1.14,82.24,-6.48,7.76,0
29.05,1,1,1,902,0.08,-0.22,-0.44,-126.05,-7.46,-25.05,0
29.19,1,0,1,902,0.28,-0.77,-0.94,64.35,-8.2,22.64,0
29.19,1,1,1,902,0.12,-0.4,-0.85,-74.46,3.73,-12.82,0
29.19,1,1,1,902,0.12,-0.57,-0.61,3.89,-7.01,16.7,0
29.09,1,1,1,902,0.12,-0.81,-1.32,-23.81,8.51,-7.94,0
29.09,1,1,1,902,0.1,-0.14,-0.23,-2.16,-0.69,3.21,0
29.09,1,1,1,902,0.19,-1.26,-1.98,74.32,15.08,2.57,0
29.14,1,1,1,902,0.04,0.1,0.14,-96.66,-9.36,-9.2,0
29.24,1,0,1,902,0.05,-1.15,-1.21,114.28,-20.29,45.03,0
29.19,1,1,1,902,0.19,-0.45,-0.7,-89.4,-9.37,-7.02,0
29.24,1,1,1,902,0.09,-0.25,-0.36,-6.24,4.87,-1.92,0
29.14,1,0,1,902,0.17,-1.43,-2,113.38,17.95,11.15,0
29.19,1,1,0,902,0.01,-0.07,-0.1,-134.45,-7.04,-29.11,0
29.09,1,0,1,902,0.06,-0.61,-0.46,0.76,-24.14,25.2,0
29.19,1,1,1,902,0.17,-1.36,-1.87,56.66,-0.5,5.53,0
29.09,1,1,1,902,0.01,-0.02,-0.09,-138.46,-6.54,-24.44,0
29.14,1,0,1,902,-0.06,-0.65,-0.49,-7.31,2.08,-0.66,0
29.14,1,1,1,902,0.19,-1.46,-1.9,110.19,9.03,12.72,0
29.19,1,1,0,902,0.13,-0.27,-0.53,-117.16,-8.53,-26.4,0
29.09,1,1,1,902,0.07,-0.05,0.02,-29.4,-5.38,9.44,0
29.09,1,0,1,902,-0.03,-1.25,-1.08,128.65,-14.27,40.18,0
29.14,1,1,1,902,0.12,-1.25,-1.5,9.16,7.05,-16.24,0
29.19,1,1,0,902,0.01,-0.07,0.04,-151.22,-9.21,-28.89,0
29.24,1,1,0,902,0.1,-0.1,-0.03,-42.71,3.34,7.55,0
29.14,1,0,1,902,0.06,-1.25,-1.06,134.32,-5.42,25.78,0
29.28,1,1,1,902,0.14,-1.57,-2,101.27,10.55,9.09,0
29.14,1,1,0,902,0.19,-0.59,-0.81,-80.24,-5.74,-20.95,0
29.19,1,1,0,902,0,0.08,0.09,-85.5,-16.11,-6.79,0
29.24,1,1,0,902,0.06,-0.16,-0.07,-24.72,2.63,-0.42,0
29.24,1,0,1,902,0.11,-0.96,-0.77,36.79,-10.42,17.7,0
29.19,1,1,1,902,0.14,-1.55,-1.36,154.22,-19.38,36.65,0
29.19,1,0,1,902,0.12,-1.43,-1.66,47.8,3.51,4.55,0
29.09,1,1,0,902,0.21,-0.74,-0.91,-56.18,-0.79,-8.92,0
29.19,1,1,1,902,0.04,-0.13,-0.15,-126.39,-4.05,-27.62,0
29.14,1,1,0,902,0.06,0.16,0.17,-87.71,-2.37,-8.75,0
29.19,1,1,0,902,-0.04,0.05,0.04,-46.02,6.29,-13.4,0
29.09,1,0,0,902,0.12,-0.25,-0.32,-1.91,-0.17,1.27,0
29.19,1,0,1,902,0.05,-0.65,-0.61,4.2,1.11,1.8,0
29.19,1,0,1,902,0.08,-1.02,-0.75,27.3,-5.84,13.93,0
29.14,1,0,1,902,-0.08,-1.28,-1.01,84.69,3.11,16.02,0
29.24,1,1,1,902,0.2,-1.34,-1.1,114.38,-18.34,56.28,0
29.33,1,1,1,902,0.15,-1.45,-1.05,151.69,-31.06,46.86,0
29.19,1,1,1,902,0.21,-1.54,-1.42,187.3,-7.66,51.47,0
29.14,1,1,1,902,0.27,-1.6,-1.72,199.38,-4.57,50.76,0
29.14,1,1,1,902,0.37,-1.45,-1.22,180.96,-8.73,62.7,0
29.19,1,0,1,902,0.23,-1.49,-1.22,157.57,-38.96,58.79,0
29.24,1,1,1,902,0.16,-1.41,-1.25,136.73,-26.07,59.99,0
29.24,1,0,1,902,-0.05,-1.33,-1.02,80.76,-6.86,27.4,0
29.24,1,0,1,902,0.09,-0.98,-0.74,6.12,3.91,-4.89,0
29.14,1,0,1,902,0.08,-0.74,-0.72,0.33,-1.9,0.71,0
29.24,1,0,1,902,0.08,-0.74,-0.71,-0.52,-1.23,0.27,0
29.33,1,0,0,902,0.12,-0.09,-1.27,-0.12,-2.59,0.06,0
29.24,1,0,1,902,0.18,-0.15,-2,5.44,5.73,0.03,0
29.24,1,1,1,902,0.08,-0.06,-1.05,1.5,0.71,-0.52,0
29.19,1,1,1,902,0.06,0,-0.01,-13.41,-9.09,0.15,0
29.24,1,0,0,902,0.12,-0.04,-0.73,0.08,-3.75,0.85,0
29.19,1,1,1,902,0.16,-0.13,-1.71,6.79,7.34,-0.6,0
29.24,1,0,1,902,0.19,-0.15,-2,5.59,0.59,0.22,0
29.19,1,1,1,902,0.09,-0.05,-0.99,1.06,1.35,-0.43,0
29.28,1,1,1,902,0.05,0.01,-0.07,-9.16,-13.23,-0.02,0
29.19,1,1,0,902,0.06,-0.02,-0.29,-1.12,-0.29,0.27,0
29.09,1,0,1,902,0.13,-0.07,-1.12,0.94,0.63,0.41,0
29.19,1,0,1,902,0.21,-0.15,-1.8,14.5,3.63,-0.11,0
29.19,1,0,1,902,0.18,-0.16,-2,5.54,3.89,0.37,0
29.19,1,1,0,902,0.15,-0.11,-1.58,-1.58,0.06,0.11,0
29.19,1,1,1,902,0.09,-0.04,-0.78,-3.97,-2.7,-0.34,0
29.19,1,1,1,902,0.05,-0.01,-0.17,-7.82,-7.34,-0.16,0
29.28,1,1,1,902,0.05,0.01,0.05,-10.82,-5.88,0.41,0
29.28,1,1,1,902,0.05,-0.02,-0.26,-0.32,-1.69,0.02,0
29.28,1,0,0,902,0.11,-0.04,-0.68,-0.37,0.81,0.53,0
29.28,1,1,0,902,0.14,-0.08,-1.11,-0.17,-2.66,0.73,0
29.24,1,0,1,902,0.2,-0.12,-1.38,7.55,2.21,-0.56,0
29.14,1,0,1,902,0.16,-0.12,-1.67,7.11,6.18,-0.49,0
29.14,1,0,1,902,0.17,-0.14,-1.88,6.2,-0.05,0.57,0
29.33,1,0,1,902,0.18,-0.15,-2,1.93,4.15,0.44,0
29.14,1,0,1,902,0.19,-0.16,-2,3.01,2.37,0.31,0
29.14,1,0,1,902,0.19,-0.16,-2,4.49,5.39,0.46,0
29.14,1,0,1,902,0.19,-0.16,-2,4.24,5.92,0.36,0
29.14,1,0,1,902,0.18,-0.17,-2,4.13,6.29,0.16,0
29.24,1,1,1,902,0.18,-0.18,-2,3.64,5.31,0.15,0
29.24,1,0,1,902,0.19,-0.17,-2,5.03,4.18,0.29,0
29.19,1,0,1,902,0.17,-0.16,-2,4.27,6.03,0.21,0
29.09,1,0,1,902,0.18,-0.15,-1.91,5.09,2.4,0.32,0
29.19,1,0,1,902,0.15,-0.13,-1.72,8.69,10.98,-0.53,0
29.28,1,0,1,902,0.16,-0.12,-1.38,7.73,7.55,-0.85,0
29.19,1,0,1,902,0.12,-0.07,-1.11,0.49,-1.34,0.4,0
29.28,1,0,0,902,0.04,-0.05,-0.67,3.51,0.75,1.18,0
29.19,1,0,0,902,0.05,-0.02,-0.22,-2.24,-3.33,0.15,0
29.09,1,1,1,902,0.04,0.01,0.07,-12.56,-3.05,0.36,0
29.19,1,1,1,902,0.06,0.01,-0.15,-4.38,-9.24,-0.22,0
29.28,1,1,1,902,0.1,-0.04,-0.81,-3.16,-3.3,-0.36,0
29.19,1,1,1,902,0.16,-0.11,-1.67,-0.68,-0.43,0.11,0
29.19,1,0,1,902,0.19,-0.18,-2,5.94,4.42,0.21,0
29.19,1,0,1,902,0.15,-0.16,-1.8,12.13,1.76,-0.57,0
29.19,1,0,1,902,0.11,-0.08,-1.01,0,-2.8,0.39,0
29.28,1,1,1,902,0.05,-0.01,-0.11,-5.45,-3.57,0.49,0
29.24,1,1,1,902,0.09,0.01,-0.09,-5.81,-11.18,0.18,0
29.19,1,1,1,902,0.07,-0.05,-1.18,-0.96,5.54,-0.05,0
29.14,1,0,0,902,0.14,-0.12,-2,3.66,5.53,0.28,0
29.24,1,0,1,902,0.19,-0.04,-1.61,21.02,6.86,-0.57,0
29.19,1,0,0,902,0.05,-0.01,-0.44,2.31,-1.27,0.29,0
29.24,1,1,1,902,0.04,0,-0.01,-10.3,-13.41,0.24,0
29.19,1,1,1,902,0.14,-0.08,-1.49,-0.52,-2.22,0.11,0
29.09,1,0,1,902,0.15,-0.14,-2,4.49,6.82,0.19,0
29.19,1,0,0,902,0.09,-0.05,-0.86,0.93,-1,0.67,0
29.14,1,1,1,902,0.04,0.01,0.11,-11.54,-15.96,0.72,0
29.19,1,1,0,902,0.14,-0.1,-1.49,-2.4,-1.78,0.05,0
29.09,1,0,1,902,0.18,-0.13,-2,8.5,3.82,0.79,0
29.24,1,0,0,902,0.07,-0.02,-0.39,0.98,-0.45,0.43,0
29.14,1,1,1,902,0.05,-0.03,-0.38,-7.7,-6.08,-0.43,0
29.24,1,0,1,902,0.18,-0.16,-2,6.53,2.95,0.06,0
29.24,1,0,0,902,0.12,-0.06,-0.94,1.34,-4.15,0.65,0
29.24,1,1,1,902,0.04,0,-0.07,-9.28,-3.37,0.05,0
29.19,1,0,1,902,0.17,-0.14,-2,6.3,4.57,-0.02,0
29.28,1,0,1,902,0.09,-0.06,-0.95,1.62,-2.95,0.45,0
29.19,1,1,1,902,0.05,-0.01,-0.16,-9.1,-5.18,-0.1,0
29.19,1,0,1,902,0.17,-0.18,-2,5.49,5.47,0.31,0
29.19,1,0,0,902,0.04,-0.03,-0.44,-1.06,2.11,0.39,0
29.28,1,1,1,902,0.12,-0.06,-0.95,-0.89,-4.49,-0.66,0
29.09,1,0,1,902,0.19,-0.14,-1.76,9.17,3.46,-0.33,0
29.19,1,1,1,902,0.05,0.02,0.18,-17.42,-10.98,-0.02,0
29.19,1,1,1,902,0.19,-0.16,-2,6.47,2.58,0.06,0
29.19,1,0,0,902,0.04,-0.04,-0.41,-0.01,-0.03,1,0
29.24,1,1,1,902,0.12,-0.09,-1.3,-2.14,0.28,-0.37,0
29.24,1,0,1,902,0.12,-0.08,-1.19,0.08,-0.15,-0.27,0
29.24,1,1,1,902,0.07,-0.02,-0.47,-7.83,-4.29,-0.11,0
29.24,1,1,1,902,0.12,-0.13,-1.7,6.45,3.16,-0.11,0
29.24,1,1,1,902,0.05,-0.01,-0.04,-14.02,-14.31,0.8,0
29.19,1,1,1,902,0.15,-0.15,-2,8.4,4.72,0.34,0
29.19,1,1,1,902,0.03,0.01,0.1,-8.72,-9.69,0.17,0
29.14,1,0,1,902,0.19,-0.16,-2,4.95,7.33,0.44,0
29.24,1,1,1,902,0.01,0.01,0.09,-8.27,-7.55,0,0
29.24,1,0,0,902,0.17,-0.17,-1.97,12.11,6.49,0.56,0
29.24,1,1,1,902,0.02,0.01,-0.16,-13.01,-5.69,-0.11,0
29.24,1,1,1,902,0.06,-0.08,-1.64,22.24,6.99,0.26,0
29.14,1,1,1,902,0.06,-0.05,-0.68,-3.8,-1.61,-0.44,0
29.24,1,1,1,902,0.12,-0.05,-0.94,2.49,-3.34,0.29,0
29.24,1,1,1,902,0.18,-0.11,-1.72,-0.6,-1.76,0.21,0
29.24,1,1,1,902,0.03,-0.02,-0.05,-2.19,0.69,0.05,0
29.24,1,0,1,902,0.18,-0.18,-2,7.32,7.56,0.31,0
29.33,1,1,1,902,0.01,-0.01,0.07,-13.34,-7.71,-0.66,0
29.24,1,0,1,902,0.16,-0.11,-1.32,-1.35,-6.13,0.53,0
29.14,1,1,1,902,0.16,-0.11,-1.68,-3.4,4.49,-0.57,0
29.24,1,1,1,902,0.02,-0.01,0.11,-11.82,-7.24,0.41,0
29.14,1,0,1,902,0.16,-0.14,-2,20.45,10.86,-0.96,0
29.28,1,1,1,902,0.07,-0.07,-0.89,-0.05,0.53,-1.48,0
29.24,1,1,1,902,0.07,-0.01,-0.14,-1.48,0.15,0.47,0
29.24,1,1,1,902,0.16,-0.18,-2,7.29,5.53,0.53,0
29.14,1,1,1,903,0.08,-0.08,-0.98,-0.31,0.4,-1.37,0
29.24,1,1,0,902,0.02,-0.01,0.03,-7.1,-1.73,0.69,0
29.24,1,1,1,902,0.18,-0.16,-1.83,5.63,1.44,-0.83,0
29.24,1,0,0,902,0.17,-0.12,-1.76,-2.36,0.11,-0.06,0
29.24,1,1,1,902,0.03,0.01,0.21,-13.52,-6.5,0.53,0
29.24,1,1,1,902,0.1,-0.06,-0.85,0.79,-1.29,0.41,0
29.14,1,1,0,902,0.17,-0.18,-2,9.59,8.42,0.29,0
29.24,1,1,1,902,0.12,-0.09,-1.2,0.66,-3.27,-0.86,0
29.19,1,1,0,902,0.05,0.02,0.27,-15.56,-18.83,1.42,0
29.24,1,1,0,902,0.08,-0.04,-0.74,0.69,-1.19,0.46,0
29.14,1,0,1,902,0.16,-0.17,-2,18.68,8.95,-1.37,0
44.08,1,1,0,902,0.16,-0.17,-2,18.68,8.95,-1.37,0
29.24,1,1,1,902,0.04,-0.02,-0.26,-12.22,-9.06,0.44,0
29.24,1,1,0,902,0.02,0.01,0.18,-10.97,-8.15,0.79,0
29.14,1,0,1,902,0.1,-0.05,-0.82,1.85,-0.02,0.24,0
41.49,1,1,1,902,0.1,-0.05,-0.82,1.85,-0.02,0.24,0
29.24,1,1,0,902,0.2,-0.17,-2,8.29,4.78,-0.21,0
29.14,1,1,1,902,0.12,-0.11,0,-0.01,-0.01,-0.21,0
29.24,1,1,0,902,0.1,0.02,-0.22,-11.23,-5.58,-0.25,0
29.38,1,1,0,902,0.02,0,0.25,-18.98,-5.56,0.34,0
29.24,1,0,1,902,0.26,-0.23,-2,20.65,4.24,2.47,0
29.28,1,1,1,902,0.01,0.01,0.41,-22.24,-6.69,2.86,0
29.28,1,1,0,902,0.21,-0.2,-2,17.69,4.82,0.31,0
29.28,1,1,0,902,-0.03,0,0.44,-21.5,-9.56,1.11,0
29.24,1,1,1,902,0.2,-0.2,-2,19.16,4.82,-0.46,0
29.24,1,1,1,902,0,0.04,0.41,-17.14,-11.66,1.5,0
29.28,1,1,1,902,0.22,-0.19,-2,17.3,0.53,1.08,0
29.19,1,1,0,902,0.02,0,0.29,-3.63,-16.76,0.09,0
29.24,1,0,1,902,0.12,-0.2,-1.94,1.3,-8.47,0.95,0
29.33,1,1,0,902,0.12,0,-0.5,-11.34,-0.46,1.27,0
29.19,1,1,1,902,0.12,-0.08,-1.02,3.05,-5.42,1.11,0
29.28,1,1,1,902,0.16,-0.18,-2,12.46,-4.53,0.29,0
29.28,1,1,1,902,0.04,0.06,0.25,-15.06,-7.22,3.11,0
29.28,1,0,0,902,0.21,-0.21,-2,20.81,-1.16,0.18,0
29.28,1,1,0,902,0.05,0.02,-0.11,-21.21,5.21,-1.46,0
29.19,1,1,1,902,0.13,-0.06,-0.81,6.6,-11.26,2.26,0
29.24,1,1,0,902,0.16,-0.24,-2,19.77,2.1,-0.51,0
29.24,1,1,1,902,-0.01,0.02,0.41,-35.02,3.07,-2.24,0
29.24,1,1,1,902,0.08,-0.15,-1.23,-0.34,-2.32,2.04,0
40.21,1,1,0,902,0.15,-0.23,-2,16.89,1.4,-0.53,0
36.53,1,1,1,902,-0.01,0.03,0.31,-25.24,-1.65,-2.32,0
29.19,1,1,1,902,0.07,-0.1,-0.89,-5.21,8.95,-0.52,0
29.28,1,1,0,902,0.18,-0.25,-2,20.11,1.69,0.05,0
29.19,1,1,0,902,0.09,0,-0.42,-16.04,-1.95,0.12,0
29.28,1,1,1,902,0.05,0.05,0.28,-27.37,0.76,2.94,0
29.24,1,1,1,902,0.14,-0.19,-1.78,-5.61,2.56,0.92,0
43.19,1,1,0,902,0.14,-0.19,-1.78,-5.61,2.56,0.92,0
29.19,1,1,1,902,0,-0.02,0.04,-28.39,8.42,-1.92,0
29.38,1,1,1,902,0.05,0.04,0.36,-29.08,1.56,2.46,0
29.24,1,1,1,902,0.16,-0.16,-1.37,2.13,-14.85,2.88,0
44.22,1,1,0,902,0.16,-0.16,-1.37,2.13,-14.85,2.88,0
44.22,1,0,0,902,0.16,-0.16,-1.37,2.13,-14.85,2.88,0
29.38,1,1,1,902,-0.01,0.04,0.3,-25.26,-0.88,-2.95,0
29.19,1,1,1,902,0.08,0.04,0.26,-26.42,-4.46,4.35,0
29.38,1,1,1,902,0.09,-0.11,-0.9,-4.04,4.59,-0.18,0
29.24,1,1,1,902,0.1,-0.2,-2,40.92,-8.66,-3.7,0
29.24,1,1,0,902,0.16,-0.26,-2,25.92,1.27,-1.56,0
44.13,1,1,0,902,0.16,-0.26,-2,25.92,1.27,-1.56,0
29.38,1,1,0,902,0.09,-0.03,-0.71,-16.59,-1.66,0.18,0
36.53,1,1,0,902,0.05,0.03,0.19,-5.69,-16.02,-1.5,0
29.14,1,1,1,902,0.02,0.05,0.62,-31.01,0.85,-0.05,0
29.28,1,1,1,902,0.03,0.05,0.49,-30.71,-8.76,3.71,0
29.28,1,1,1,902,0.02,0.03,0.1,-22.7,7.62,3.03,0
29.19,1,1,1,902,0.02,-0.04,-0.34,-8.9,2.99,-0.09,0
29.28,1,1,1,902,0.11,-0.08,-0.74,-2.03,2.09,0.56,0
29.33,1,1,1,902,0.08,-0.12,-1.07,-5.09,9.66,1.35,0
29.33,1,1,1,901,0.08,-0.15,-1.25,0.89,5.06,0.07,0
40.61,1,0,1,902,0.07,-0.15,-1.29,6.93,-6.31,2.63,0
39.72,1,1,1,902,0,0,0,0,0,0,0
29.19,1,1,1,902,0.09,-0.15,-1.24,2.76,-0.01,1.08,0
29.33,1,1,1,902,0.09,-0.12,-1.08,-6.01,11.03,0.02,0
29.24,1,1,1,902,0.09,-0.08,-0.72,-1.98,3.35,1.87,0
29.28,1,1,1,902,0.03,-0.03,-0.3,-11.61,6.47,1.72,0
38.01,1,0,1,902,0.03,-0.03,-0.3,-11.61,6.47,1.72,0
38.01,1,0,1,902,0.03,-0.03,-0.3,-11.61,6.47,1.72,0
29.33,1,1,0,902,0.42,-0.11,-2,18.03,5.15,-0.22,0
29.28,1,1,1,902,-0.02,0.01,0.53,-12.27,-14.23,0.85,0
29.19,1,1,0,902,0.42,-0.12,-2,16.92,13.81,0.36,0
29.24,1,1,1,902,-0.03,0.01,0.45,-11.92,-15.14,0.27,0
29.33,1,0,0,902,0.36,-0.09,-2,11.28,-6.04,-0.85,0
29.33,1,1,1,902,0.05,0.01,0,-2.43,-13.28,-1.74,0
29.33,1,1,1,902,0.26,-0.03,-1.53,9.5,-29.08,0.15,0
29.28,1,1,1,902,0.21,-0.02,-1.29,-0.88,2.34,0.21,0
29.38,1,1,1,902,0.06,-0.01,-0.08,-11.57,-3.77,3.04,0
39.22,1,1,0,902,0.06,-0.01,-0.08,-11.57,-3.77,3.04,0
29.33,1,1,1,902,-0.05,0.01,0.56,-12.21,-11.24,0.04,0
29.28,1,0,1,902,0.22,-0.07,-1.81,-3.03,28.4,-1.54,0
29.19,1,1,1,902,0.28,-0.04,-1.68,-0.71,3.82,-0.64,0
29.19,1,1,1,902,-0.04,0.03,0.55,-17.86,3.33,2.45,0
29.28,1,0,1,902,0.37,-0.1,-2,7.85,-15.69,2.07,0
29.28,1,1,1,902,0.26,-0.04,-1.58,-1.67,4.49,-0.44,0
29.28,1,1,1,902,-0.04,0.02,0.65,-12.5,-12.04,1.39,0
29.38,1,0,1,902,0.24,-0.06,-1.51,3.95,-14.83,-0.3,0
29.33,1,1,1,902,0.41,-0.09,0,-0.01,-0.01,-0.01,0
29.38,1,1,1,902,0.04,0.02,-0.03,-1.75,-12.86,-2.1,0
29.24,1,1,1,902,0,0.02,0.32,-15.4,-1.63,2.92,0
29.33,1,0,1,902,0.27,-0.08,-1.92,12.66,6.48,-0.05,0
29.33,1,1,1,902,0.4,-0.1,-2,8.12,6.91,0.34,0
29.38,1,1,1,902,0.13,-0.01,-0.69,-8.27,4.98,-0.09,0
29.24,1,1,1,902,-0.05,0.02,0.67,-13.76,-10.33,0.17,0
29.33,1,1,1,901,0.08,0,-0.17,-12.32,5.44,2.15,0
29.28,1,1,1,902,0.31,-0.11,-1.74,5.92,16.69,-3.92,0
29.28,1,1,1,902,0.43,-0.12,-2,18.6,5.7,-1.8,0
29.28,1,1,1,902,0.37,-0.07,-2,5.21,3.8,-0.02,0
29.28,1,1,1,902,0.15,0,-0.86,-5.37,3.23,-0.31,0
29.28,1,1,1,902,-0.01,0.01,0.22,-16.78,-5.05,0.72,0
29.38,1,1,1,902,-0.09,0.02,0.71,-14.07,-5.21,-0.15,0
29.19,1,1,1,902,-0.04,0.02,0.54,-17.8,-4.9,3.08,0
29.28,1,1,1,902,0.05,0.01,-0.01,-13.08,-0.3,2.38,0
29.28,1,0,1,902,0.11,-0.01,-0.53,-1.98,-3.43,2.05,0
29.28,1,0,1,902,0.17,-0.02,-1.07,-0.45,-2.04,0.31,0
29.28,1,1,1,902,0.25,-0.04,-1.33,0.96,-5.19,0.3,0
29.28,1,0,1,902,0.3,-0.05,-1.56,-0.56,-10.69,1.51,0
29.28,1,0,1,902,0.28,-0.07,-1.56,-1.54,-4.85,1.34,0
29.19,1,0,1,902,0.24,-0.05,-1.57,-5.28,4.82,0.95,0
29.28,1,0,1,902,0.22,-0.03,-1.24,-0.43,0.67,-0.63,0
29.28,1,0,1,902,0.16,-0.01,-0.94,1.13,-9.27,0.95,0
29.19,1,0,1,902,0.08,0,-0.35,-5.24,0.96,1.59,0
29.28,1,1,1,902,0.02,0.02,0.17,-14.6,-0.88,2.5,0
29.28,1,1,1,902,-0.07,0.03,0.68,-20.56,-2.17,2.52,0
29.28,1,1,1,902,-0.07,0.02,0.7,-14.33,-14.49,0.76,0
29.28,1,1,1,902,0.05,0.02,-0.03,-5.37,-18.76,-1.91,0
29.24,1,1,1,902,0.22,-0.02,-1.32,-4.11,7.08,0.18,0
29.24,1,1,1,902,0.44,-0.1,-2,7.67,1.5,-0.85,0
29.28,1,0,1,902,0.43,-0.13,-2,23.4,9.82,-0.37,0
29.33,1,0,0,902,0.24,-0.05,-1.24,-8.53,12.76,-0.6,0
29.24,1,1,1,902,-0.05,0.02,0.42,-21.04,-2.6,2.38,0
29.24,1,1,0,902,-0.05,0.03,0.48,-13.23,-11.41,-1.36,0
29.38,1,1,1,902,0.27,-0.05,-1.74,-4.13,12.02,-0.11,0
29.28,1,1,1,902,0.46,-0.12,-2,22.39,-0.16,-0.19,0
29.28,1,1,0,902,0.18,-0.02,-0.86,1.18,-7.22,1.14,0
29.28,1,1,1,902,-0.08,0.02,0.81,-22.05,2.11,1.05,0
29.38,1,1,0,902,0.23,-0.03,-1.32,-4.11,4.69,-0.45,0
29.28,1,1,1,902,0.45,-0.14,-2,19.73,2.05,-0.03,0
29.28,1,1,1,902,0.05,0.02,-0.03,-16.32,7,0.93,0
36.53,1,1,1,902,0.01,0.01,0.16,-18.51,-2.84,0.23,0
36.53,1,1,1,902,0.45,-0.12,-2,19.08,-4.94,0.24,0
36.53,1,0,0,902,0.13,0.01,-0.49,-1.34,-19.25,2.5,0
29.28,1,1,0,902,0.01,0,0.2,-20.71,2.13,-0.47,0
36.86,1,1,1,902,0.01,0,0.2,-20.71,2.13,-0.47,0
29.24,1,1,1,902,0.03,0.02,0.19,-13.89,-1.52,1.51,0
29.28,1,1,0,902,0.19,-0.01,-1.06,-9.44,9.87,-0.01,0
29.33,1,0,1,902,0.36,-0.11,-1.9,18.73,-11.09,0.02,0
29.28,1,1,1,902,-0.06,0.01,0.64,-18,-14.98,0.38,0
33.82,1,1,1,902,-0.06,0.01,0.64,-18,-14.98,0.38,0
29.28,1,1,1,902,-0.03,0.03,0.71,-26.39,2.47,3.32,0
36.53,1,1,0,902,0.43,-0.09,-2,10.18,8.82,-0.76,0
29.38,1,1,1,902,-0.01,0.02,0.33,-18.34,-4.96,3.45,0
29.38,1,1,1,902,0.39,-0.08,-2,3.04,1.37,1.21,0
29.28,1,1,1,902,0.01,0.04,0.32,-15.49,-11.99,3.46,0
29.33,1,1,0,902,0.42,-0.09,-2,9.98,14.35,-1.66,0
29.24,1,1,1,902,-0.08,0.03,0.78,-25.98,13.44,2.98,0
32.49,1,1,1,902,-0.08,0.03,0.78,-25.98,13.44,2.98,0
29.33,1,1,1,902,-0.09,0.02,0.84,-18.07,-4.05,0.28,0
32.28,1,1,1,902,-0.09,0.02,0.84,-18.07,-4.05,0.28,0
29.33,1,1,1,902,0.12,0.02,-0.34,-4.69,-18.92,-1.94,0
29.24,1,0,0,902,0.13,0.02,-0.31,-7.29,-15.28,2.96,0
29.24,1,1,1,902,0.46,-0.1,-2,13.61,10.12,-0.97,0
29.28,1,1,1,902,-0.06,0.02,0.74,-18.12,-11.92,-0.15,0
29.28,1,0,0,902,0.22,-0.06,-1.4,16.97,-20.69,-1.68,0
36.53,1,1,1,902,0.4,-0.08,-2,1.3,10.47,0.79,0
29.28,1,1,1,902,-0.07,0.02,0.77,-18.13,-9.68,0.02,0
29.28,1,1,0,902,0.14,-0.01,-0.71,-10.25,10.98,-0.66,0
29.33,1,1,1,902,0.48,-0.13,-2,29.85,-0.85,-1.24,0
29.24,1,1,0,902,0.15,0.01,-0.58,-0.53,-26.62,-1.25,0
29.09,1,1,1,902,-0.11,0.03,0.85,-27.73,1.91,1.95,0
31.18,1,0,1,902,-0.11,0.03,0.85,-27.73,1.91,1.95,0
29.33,1,1,1,902,0.48,-0.13,-2,13.94,-3.82,0.86,0
29.28,1,1,0,902,0.2,-0.01,-0.95,0.92,-19.82,-0.64,0
29.28,1,1,1,902,-0.09,0.02,0.89,-22.64,2.15,0.21,0
29.19,1,1,1,902,-0.02,0.05,0.24,-22.19,3.99,1.91,0
29.19,1,0,1,902,0.23,-0.04,-1.7,36.57,-32.85,-0.24,0
29.38,1,1,1,902,0.45,-0.16,-2,26.67,5.59,-0.4,0
29.33,1,1,0,902,0.42,-0.08,-2,0.36,22.15,0.56,0
29.28,1,1,0,902,0.24,-0.02,-1.39,-12.17,10.82,-0.98,0
29.28,1,1,1,902,0.06,0,-0.1,-14.37,-9.14,-0.95,0
29.28,1,1,0,902,-0.09,0.02,0.83,-22.83,-1.98,-0.66,0
29.28,1,1,0,902,-0.12,0.04,1.01,-16.38,-3.92,0.9,0
29.28,1,1,0,902,-0.09,0.05,0.81,-30.17,-0.03,3.56,0
29.19,1,1,1,902,-0.05,0.05,0.48,-21.4,-1.72,2.8,0
29.28,1,1,1,902,0.06,0.04,0.14,-23.95,0.04,3.62,0
29.33,1,1,0,902,0.05,0.04,0.02,-18.47,-9.79,2.76,0
29.24,1,1,0,902,0.07,0.03,-0.11,-16.6,-12.81,2.98,0
29.33,1,1,1,902,0.02,0.05,0.11,-20.52,-9.31,2.08,0
29.24,1,1,1,902,-0.06,0.07,0.4,-23.18,-2.08,2.02,0
29.28,1,1,1,902,-0.09,0.05,0.74,-33.64,5.61,2.67,0
29.28,1,1,0,902,-0.11,0.06,1.02,-29.01,10.5,1.08,0
29.28,1,1,0,902,-0.13,0.04,1.01,-21.98,6.7,0.03,0
29.38,1,1,0,902,-0.04,0.02,0.39,-14.56,-14.14,-0.88,0
29.24,1,1,0,902,0.16,-0.01,-0.74,-13.63,-0.69,-3.36,0
29.24,1,1,1,902,0.4,-0.06,-2,-1.61,6.21,-1.24,0
29.33,1,1,1,902,0.5,-0.12,-2,18.8,10.07,0.44,0
29.28,1,1,1,902,0.27,-0.14,-2,36.56,8.66,-2.95,0
29.28,1,0,1,902,0.15,0,-0.49,-7.32,-4.02,-0.15,0
29.28,1,1,0,902,-0.12,0.06,1.03,-28.66,3.37,1.99,0
29.28,1,1,0,902,0.02,-0.01,0.11,-18.15,-4.06,-2.04,0
29.19,1,1,1,902,0.44,-0.07,-2,10.01,-6.57,-0.85,0
29.28,1,0,1,902,0.44,-0.17,-2,38.75,-6.09,-0.02,0
29.33,1,1,1,902,0.07,0.05,0.15,-20.92,-20.66,4.89,0
29.24,1,1,0,902,-0.08,0.02,0.68,-26.16,3.24,-1.4,0
29.24,1,1,1,902,0.44,-0.07,-2,3.03,4.86,-1.34,0
29.33,1,1,1,902,0.38,-0.09,-2,45.16,3.69,1.84,0
29.33,1,1,0,902,-0.13,0.07,1.05,-37.6,3.08,2.55,0
29.28,1,1,1,902,0.3,-0.04,-1.46,0.26,-19.04,-1.02,0
29.19,1,0,1,902,0.39,-0.17,-2,38.07,-0.86,-0.79,0
29.28,1,1,0,902,-0.14,0.07,1.07,-37.65,2.52,2.8,0
29.28,1,1,1,902,0.33,-0.05,-1.99,-7.75,6.18,-0.87,0
29.28,1,1,1,902,-0.15,-0.05,-1.99,-7.75,6.18,-0.87,0
29.28,1,1,0,902,-0.15,0.01,0.94,-31.25,9.74,0.6,0
29.19,1,1,1,902,0.47,-0.16,-2,14.83,31.26,-0.01,0
29.24,1,1,0,902,-0.06,0.09,0.9,-40.21,-7.4,3.71,0
29.24,1,1,1,902,0.39,-0.06,-2,-8.14,17.27,-2.5,0
29.33,1,1,1,902,0.08,0.02,-0.16,-13.08,13.85,-0.76,0
29.19,1,1,1,902,0.28,-0.03,-1.48,-0.36,-10.37,-2.94,0
49.97,1,0,0,902,0.09,-0.06,-0.61,-1.95,-15.39,3.77,0
29.38,1,1,1,902,0.24,-0.03,-1.41,-12.32,9.5,-5.03,0
48.04,1,1,1,902,0.24,-0.03,-1.41,-12.32,9.5,-5.03,0
29.28,1,1,1,902,0.34,-0.04,-1.8,5.12,-21.85,-0.28,0
29.28,1,1,0,902,0.04,0.07,0.41,-24.24,-19.06,4.42,0
29.33,1,1,1,902,0.52,-0.09,-2,12.19,-0.75,1.11,0
29.24,1,1,0,902,-0.13,0.09,1.2,-21.47,-2.53,2.61,0
30.21,1,1,1,902,-0.13,0.09,1.2,-21.47,-2.53,2.61,0
29.28,1,1,0,902,0.05,-0.04,-0.28,-16.63,-8.5,-0.93,0
29.33,1,1,0,902,0.05,0.03,0.12,-23.99,9.62,-1.24,0
29.24,1,1,1,902,0.53,-0.12,-2,28.11,2.82,1.06,0
29.24,1,1,0,902,-0.06,0,0.41,-32.05,10.97,-2,0
33.67,1,1,1,902,-0.06,0,0.41,-32.05,10.97,-2,0
29.28,1,1,1,902,0.54,-0.14,-2,35.09,-9.22,1.41,0
29.28,1,1,0,902,0.06,-0.05,-0.33,-15.08,-9.27,-0.31,0
29.28,1,1,0,902,-0.09,0.11,1,-46.77,-9.87,4.8,0
32.35,1,1,1,902,-0.09,0.11,1,-46.77,-9.87,4.8,0
29.28,1,1,1,902,0.48,-0.09,-2,3.82,4.14,-1.49,0
29.28,1,1,1,902,0.01,-0.02,0.08,-16.07,-15.98,-0.61,0
29.28,1,1,0,902,-0.07,0.13,1.17,-48.85,2.22,5.66,0
33.2,1,1,1,902,-0.07,0.13,1.17,-48.85,2.22,5.66,0
33.2,1,1,1,902,-0.07,0.13,1.17,-48.85,2.22,5.66,0
29.38,1,1,1,902,0.43,-0.09,-2,-0.27,7.98,-1.89,0
29.28,1,1,0,902,0.11,-0.07,-0.7,-23.62,-1.9,-2.03,0
29.38,1,1,0,902,-0.15,0.05,0.92,-26.53,2.23,-1.16,0
29.28,1,1,0,902,-0.14,0.13,1.31,-44.49,11.32,1.82,0
29.33,1,1,0,902,-0.01,0.1,0.84,-31.69,-18.43,4.53,0
36.2,1,1,0,902,-0.01,0.1,0.84,-31.69,-18.43,4.53,0
36.53,1,1,0,902,0,0.1,0.84,-31.69,-18.43,4.53,0
36.53,1,1,1,902,0,0.1,0.84,-31.69,-18.43,4.53,0
36.53,1,0,1,902,0,0.1,0.84,-31.69,-18.43,4.53,0
36.53,1,1,1,902,0,0.1,0.84,-31.69,-18.43,4.53,0
29.42,1,0,1,902,-0.15,0.1,0.84,-31.69,-18.43,4.53,0
29.52,1,1,1,902,-0.12,-0.85,-0.23,248.13,-43.56,153.68,0
29.52,1,1,1,902,-0.32,-0.72,0.19,180.15,-41.1,122.34,0
29.47,1,1,1,902,-0.44,-0.32,0.56,35.56,-1.44,37.81,0
29.57,1,1,1,902,-0.34,0.05,0.42,-55.67,14.56,-51.82,0
29.52,1,1,0,902,0.12,0.77,0.84,-132.75,12.27,-41.55,0
29.57,1,1,0,902,-0.01,1.08,1.11,-231.34,-29.11,-5.08,0
29.52,1,1,0,902,-0.16,0.95,0.69,-237.11,0.79,-69.89,0
29.52,1,1,0,902,0.1,0.25,0.14,-250.14,-18.97,-36.56,0
29.57,1,1,0,902,0.14,-0.92,-1.02,-188.94,-11.21,-39.56,0
29.47,1,1,0,902,0.21,-2,-2,21.16,17.39,-32.12,0
29.57,1,1,1,902,0.27,-2,-2,250.13,41.89,38.27,0
29.52,1,1,1,902,0.62,-1,-0.28,250.13,-51.52,181.99,0
29.47,1,1,1,902,0.07,0.7,0.75,-131.22,13.83,-71.97,0
29.52,1,1,0,902,-0.16,0.96,0.68,-250.14,6.26,-71.01,0
29.47,1,1,0,902,0.1,-0.88,-1.02,-185.28,-17.05,-30.92,0
29.52,1,1,1,902,0.33,-2,-2,141.63,15.35,15.34,0
29.47,1,1,1,902,0.67,-1.02,-0.23,250.13,-49.95,183.38,0
29.52,1,1,0,902,0.28,1.22,1.02,-250.14,-25.07,-16.54,0
29.57,1,1,0,902,-0.02,-0.23,-0.54,-250.14,-20.77,-51.21,0
29.52,1,1,1,902,0.31,-2,-2,146.03,3.86,12.1,0
29.47,1,1,1,902,-0.22,-0.48,0.54,142.56,-59.66,162.15,0
29.42,1,1,0,902,-0.13,0.97,0.6,-248.25,-2.26,-57.83,0
29.57,1,0,0,902,0.2,-2,-2,-54.53,3.5,-43.95,0
29.47,1,1,1,902,0.64,-1.02,-0.21,250.13,-31.15,161.02,0
29.52,1,1,0,902,-0.19,1.05,0.7,-250.14,-12.91,-57.26,0
29.57,1,1,1,902,0.35,-2,-2,35.18,9.12,-22.5,0
29.47,1,1,1,902,-0.24,-0.38,0.7,99.08,-61.35,148.63,0
29.42,1,1,0,902,0.11,0.22,0.16,-250.14,-18.05,-47.06,0
29.47,1,1,1,902,0.31,-2,-2,250.13,33.99,61.06,0
29.42,1,1,0,902,0.13,1.29,0.95,-250.14,-15.14,-19.29,0
29.57,1,0,0,902,0.29,-2,-2,23.22,-7.6,-37.15,0
29.47,1,1,1,902,-0.64,0.28,0.7,-117.86,1.56,-44.26,0
29.42,1,1,0,902,0.32,-1.52,-1.74,-121.13,-5.89,-38.9,0
29.47,1,1,1,902,-0.26,-0.39,0.78,68.08,-59.14,148.54,0
29.42,1,1,0,902,0.16,-1.06,-1.29,-188.78,-27.96,-49.99,0
29.47,1,1,1,902,-0.14,-0.35,0.89,135.68,-63.35,178.25,0
29.52,1,1,0,902,0.13,-1.3,-1.54,-152.69,-13.76,-51.02,0
29.52,1,1,1,902,-0.55,0.07,0.59,-44.83,-13.47,48.74,0
29.42,1,1,0,902,0.23,-2,-2,-63.23,10.89,-40.15,0
29.47,1,1,0,902,0.02,1.17,1.2,-250.14,-3.01,-77.91,0
29.47,1,1,1,902,0.16,-2,-2,210.39,8.22,13.85,0
29.42,1,1,0,902,-0.08,0.93,0.59,-250.14,-9.55,-56.64,0
29.47,1,1,1,902,0.55,-0.77,0.51,250.13,36.21,110.77,0
29.42,1,1,0,902,0.18,-1.52,-1.67,-155.55,-3.98,-38.67,0
29.47,1,1,0,902,0.18,1.37,1.19,-250.14,-5.75,-70.79,0
29.47,1,0,1,902,0.33,-2,-2,250.13,52.5,60.71,0
29.42,1,1,0,902,0.06,-0.87,-1,-247.89,-32.05,-64.25,0
29.47,1,1,0,902,0.19,1.3,1.27,-250.14,12.35,-80.27,0
29.52,1,0,1,902,0.03,-1.77,-2,250.13,55.66,66.74,0
29.47,1,0,0,902,0.21,-1.82,-1.96,-126,2.22,-34.96,0
29.42,1,1,0,902,-0.09,1.14,0.67,-250.14,-23.14,-39.24,0
29.47,1,1,1,902,0.13,-0.01,1.11,58.74,-70.3,134.93,0
29.42,1,1,1,902,0.31,-2,-2,250.13,16.85,27.99,0
29.47,1,1,0,903,0.32,-1.59,-1.96,-157.05,-10.42,-51.39,0
29.61,1,1,0,902,-0.06,0.99,0.67,-250.14,-20.23,-49.02,0
29.38,1,1,1,902,-0.34,0.95,1.24,-210.79,12.68,-109.72,0
29.42,1,1,1,902,1.01,-0.73,0.37,250.13,20.44,116.02,0
29.47,1,1,1,902,0.2,-2,-2,250.13,22.67,12.04,0
29.47,1,1,0,903,0.22,-2,-2,-67.05,3.66,-26.2,0
29.38,1,1,0,902,0.1,-0.38,-0.43,-250.14,-9.67,-57.85,0
29.38,1,1,0,902,-0.13,0.96,0.65,-250.14,-26.21,-49.13,0
29.47,1,1,0,903,0.13,1.55,0.95,-250.14,-9.76,-58.69,0
29.38,1,1,1,902,-0.52,0.74,1.09,-185.53,28.69,-95.82,0
29.52,1,1,1,902,-0.06,0.01,1.04,124.06,-77.14,145.18,0
29.42,1,1,1,903,0.89,-0.67,0.76,250.13,-22.34,189.37,0
29.47,1,1,1,902,0.12,-1.28,-2,250.13,88.88,42.45,0
29.42,1,1,1,902,0.19,-1.82,-2,250.13,73.59,63.47,0
29.38,1,0,1,903,0.26,-2,-2,250.13,56.69,47.47,0
29.42,1,0,1,903,0.39,-2,-2,250.13,48.37,55.8,0
29.38,1,0,1,903,0.29,-2,-2,250.13,55.04,55.82,0
29.33,1,0,1,903,0.33,-2,-2,250.13,68.11,69.8,0
29.38,1,1,1,903,-0.03,-2,-2,250.13,71.03,30.82,0
29.42,1,1,1,903,0.87,-0.32,0.8,250.13,47.13,124.44,0
29.47,1,1,1,903,0.24,-0.19,1.05,229.47,-62.74,212.38,0
29.38,1,1,1,903,-0.76,0.6,0.78,-116.73,33.24,-17.32,0
29.38,1,1,0,903,0.1,1.62,1.26,-250.14,7.64,-101.9,0
29.42,1,0,0,903,-0.08,1.21,0.71,-250.14,-27.5,-9.39,0
29.38,1,1,1,903,0.02,-0.17,-0.13,-250.14,-15.49,-68.37,0
29.38,1,1,0,903,0.25,-2,-2,-133.08,2.65,-56.08,0
29.38,1,1,1,903,0.4,-2,-2,174.33,12.47,40.82,0
29.38,1,1,1,903,-0.1,-1.76,-2,250.13,84.52,33.41,0
29.52,1,1,1,903,-0.65,0.66,0.83,-142.92,11.92,-26.47,0
29.47,1,1,0,903,0.01,1.32,0.68,-250.14,-26.33,-16.17,0
29.38,1,1,0,903,0.19,-1.39,-1.67,-239.18,-11.87,-70.99,0
29.42,1,1,1,903,0.31,-2,-2,236.95,7.55,43.34,0
29.47,1,1,1,903,0.59,-0.02,0.9,250.13,-34.12,250.13,0
29.47,1,1,0,903,0.17,1.57,0.67,-250.14,-20.14,-60.31,0
29.42,1,1,1,903,0.26,-1.89,-2,-209.79,8.11,-69.84,0
29.47,1,1,1,903,0.13,-2,-2,250.13,62.13,58.16,0
29.47,1,1,0,903,0,1.57,1.71,-250.14,12.42,-116.39,0
29.33,1,1,0,904,0.09,-1.14,-1.23,-250.14,-15.14,-70.22,0
29.38,1,0,1,903,0.1,-2,-2,250.13,48.13,55.47,0
29.38,1,1,0,903,-0.18,1.6,1.33,-250.14,9.63,-126.12,0
29.42,1,1,1,903,0.25,-2,-2,-189.98,13.08,-73.35,0
29.47,1,0,1,903,1.06,-0.36,0.56,250.13,15.28,115.85,0
29.38,1,1,0,902,-0.04,0.71,0.41,-250.14,-34.73,-39.88,0
29.38,1,1,1,903,0.14,-2,-2,250.13,15.08,74.88,0
29.42,1,1,0,903,0.08,1.78,1.19,-250.14,22.07,-117.39,0
29.42,1,0,1,903,0.6,-2,-2,61.88,-4.89,-7.32,0
29.42,1,1,0,903,-0.3,1.44,1.34,-250.14,31.69,-98.85,0
29.47,1,1,0,903,0.47,-2,-2,-59.48,18.21,-53,0
29.33,1,1,1,903,-0.84,0.99,1.08,-176.05,4.81,-11.67,0
29.38,1,1,0,903,0.49,-2,-2,-32.24,21.14,-50.9,0
29.33,1,1,0,903,-0.25,1.63,1.5,-250.14,14.68,-106.37,0
29.42,1,1,1,903,0.52,-2,-2,173.08,5.98,44.33,0
29.38,1,1,0,903,0.19,1.68,0.7,-250.14,-14.75,-84.21,0
29.24,1,1,1,902,0.21,-2,-1.87,250.13,49.47,88.31,0
29.33,1,1,0,903,-0.1,-0.5,-0.43,-250.14,-21.95,-54.72,0
29.47,1,1,1,903,-0.22,0.37,1.84,76.42,-96.09,193.92,0
29.42,1,1,1,903,0.67,-2,-2,78.11,0.35,-1.91,0
29.42,1,1,0,903,0.18,1.25,0.61,-250.14,-28.02,-15.38,0
29.42,1,1,1,902,0.72,-0.51,1.66,250.13,-42.11,164.9,0
29.33,1,1,1,903,0.56,-2,-2,11.77,16.35,-38,0
29.28,1,1,0,903,0.12,1.04,0.57,-250.14,-26.22,-11.05,0
29.33,1,1,1,903,0.33,0.44,1.53,181.16,-76.04,240.55,0
29.42,1,1,1,903,0.51,-2,-2,250.13,-9.66,79.65,0
29.38,1,1,1,903,0.04,-1.37,-1.2,-250.14,-12.53,-73.9,0
29.33,1,1,0,903,0.08,1.87,0.89,-250.14,9.02,-151.36,0
29.38,1,1,1,902,0.38,0.21,1.17,250.13,-32.44,240.48,0
29.38,1,1,1,903,0.21,-2,-2,250.13,2.15,94.33,0
29.33,1,1,1,903,0.29,-2,-2,-120.72,25.08,-86.09,0
29.28,1,1,0,902,-0.17,-0.16,-0.19,-250.14,-45.98,-21.48,0
29.38,1,1,0,902,0.15,1.88,0.91,-250.14,20.56,-160.59,0
29.38,1,1,0,903,-0.5,1.03,1.39,-115.46,-46.71,95.25,0
29.42,1,1,1,902,0.85,0.1,0.98,250.13,76.79,93.56,0
77.39,1,1,1,902,0.85,0.1,0.98,250.13,76.79,93.56,0
29.33,1,1,1,903,0.69,-2,-2,179.39,10.1,38.88,0
29.28,1,1,1,902,0.49,-2,-2,-43.01,19.71,-63.69,0
29.42,1,1,1,902,0.14,-2,-2,-226.95,3.69,-91.47,0
29.38,1,1,0,902,0.01,-1.43,-1.3,-250.14,-10.13,-78.22,0
29.28,1,1,0,903,-0.09,-0.9,-0.78,-250.14,-31.92,-57.87,0
29.42,1,1,0,903,-0.15,-0.64,-0.55,-250.14,-39.61,-45.47,0
29.38,1,1,0,903,-0.14,-0.39,-0.33,-250.14,-43.56,-42.14,0
29.38,1,1,0,902,-0.12,-0.63,-0.49,-250.14,-34.34,-47.19,0
29.28,1,1,0,902,-0.16,-1.16,-0.97,-250.14,-31,-63.53,0
29.42,1,1,1,903,0.06,-1.87,-1.71,-250.14,-2.83,-83.35,0
29.28,1,1,1,902,0.2,-2,-2,-178.92,13.5,-87.52,0
29.33,1,1,1,902,0.51,-2,-2,17.27,14.47,-55.5,0
29.38,1,1,1,902,0.46,-2,-2,250.13,-0.33,56.78,0
29.33,1,1,1,902,0.12,-2,-2,250.13,39.03,109.63,0
29.33,1,1,1,902,0.82,0.14,2,250.13,39.62,149.3,0
29.38,1,1,0,902,-0.83,1.26,1.61,-190.9,-25.63,30.63,0
29.38,1,1,0,903,0.33,1.91,0.75,-250.14,-2.98,-141.44,0
29.42,1,1,0,903,-0.21,-0.84,-0.7,-250.14,-35.86,-39.77,0
29.33,1,1,1,902,0.39,-2,-2,-14.13,21.69,-67.53,0
29.38,1,1,1,902,0.26,-2,-2,250.13,32.9,115.37,0
29.38,1,1,0,902,-0.42,1.02,1.91,-41.37,-59.16,184.9,0
29.42,1,1,0,902,0.49,1.48,0.56,-250.14,-11.77,-68.14,0
29.38,1,1,1,902,0.18,-2,-2,-197.06,16.79,-88.25,0
29.38,1,1,1,902,0.29,-2,-2,250.13,28.55,113.95,0
29.33,1,1,0,902,-0.79,1.63,1.73,-250.14,-20.53,-29.37,0
29.33,1,1,0,902,-0.08,-0.58,-0.61,-250.14,-42.24,-23.21,0
29.28,1,0,1,902,0.45,-2,-2,250.13,-16.97,65.85,0
29.38,1,1,0,902,-0.68,1.45,1.45,-159.44,-37.64,99.47,0
29.33,1,1,0,902,-0.16,-0.94,-0.87,-250.14,-32.4,-42.76,0
29.33,1,1,1,902,0.33,-2,-2,250.13,8.95,121.21,0
29.38,1,1,0,903,-0.12,2,1.27,-250.14,49.63,-197.5,0
29.28,1,1,1,902,0.35,-2,-2,-46.5,22.54,-77.73,0
29.33,1,1,0,902,-0.12,0.87,2,95.9,-122.73,179.39,0
29.38,1,1,0,902,-0.07,-1.72,-1.59,-250.14,-14.26,-65.59,0
29.33,1,0,1,903,0.08,-0.86,-0.58,-0.69,-1.28,0.02,0
29.38,1,0,1,903,0.08,-0.85,-0.57,-0.6,-1.2,0.02,0
29.33,1,0,1,902,0.25,-2,-1.81,250.13,81.21,64.06,0
29.28,1,1,0,901,-0.02,1.98,0.89,-250.14,-3.31,-36.21,0
29.24,1,1,1,902,0.22,-2,-2,-60.89,-15.83,-8.9,0
29.28,1,1,1,902,0.57,0.27,2,250.13,-9.63,123.98,0
29.14,1,1,1,902,0.02,0.21,0.02,-250.14,-51.17,-44.73,0
29.14,1,0,1,902,0.23,-2,-2,250.13,62.13,57.69,0
29.28,1,1,0,902,0.05,1.75,0.73,-250.14,-20.11,-46.64,0
29.24,1,1,1,902,0.23,-2,-2,250.13,24.4,14.52,0
29.24,1,1,0,901,0.03,2,1.22,-250.14,-2.73,-30.97,0
37.79,1,1,1,901,0.03,2,1.22,-250.14,-2.73,-30.97,0
29.28,1,1,0,902,0,1.75,1.41,-250.14,-22.42,-69.63,0
29.24,1,1,1,902,0.07,-2,-2,86.09,2.37,-18.75,0
29.19,1,1,0,902,0.02,2,1.11,-250.14,-1.48,-22.69,0
29.24,1,1,1,902,0.22,-2,-2,218.65,4.63,7.48,0
29.28,1,1,0,902,-0.01,1.75,0.74,-250.14,-24.66,-53.05,0
29.24,1,0,1,901,0.2,-2,-2,250.13,64.74,64.32,0
29.28,1,1,0,901,0,-0.11,-0.21,-250.14,-48.98,-49.73,0
29.28,1,1,1,902,0.11,0.48,2,191.76,-38.63,147.44,0
41.92,1,1,1,901,0.11,0.48,2,191.76,-38.63,147.44,0
41.92,1,0,1,901,0.11,0.48,2,191.76,-38.63,147.44,0
29.24,1,1,0,901,-0.03,1.85,0.79,-250.14,-25.6,-52.92,0
29.28,1,1,1,901,0.49,-0.68,0,250.13,27.54,34.71,0
60.14,1,1,1,901,0.49,-0.68,0,250.13,27.54,34.71,0
29.19,1,1,0,901,0.01,1.86,0.75,-250.14,-25.82,-49.93,0
29.24,1,0,1,900,0.48,-0.52,0.07,250.13,88.54,120.5,0
29.24,1,1,1,900,0.09,-2,-2,189.33,3.71,-5.53,0
29.28,1,1,0,900,0.07,-0.23,-0.27,-250.14,-52.36,-51.69,0
29.24,1,1,0,901,0.21,2,1.3,-250.14,-6.58,-48.53,0
29.28,1,0,1,900,0.5,-0.64,0.25,250.13,41.02,101.51,0
29.28,1,1,1,900,0.21,-2,-2,230.91,5.47,6.16,0
29.19,1,1,0,900,0.15,-1.82,-1.85,-250.14,-43.42,-48.37,0
29.19,1,1,0,900,0.04,1.41,0.74,-250.14,-45.27,-26,0
29.33,1,1,0,900,-0.12,1.97,1.69,-250.14,-21.02,-80.79,0
29.24,1,1,1,900,0.59,0.2,1.54,250.13,80.01,107.22,0
29.19,1,1,1,900,0.2,-2,-2,250.13,59.38,66.53,0
45.94,1,1,1,900,0.2,-2,-2,250.13,59.38,66.53,0
29.28,1,1,1,900,0.22,-2,-2,-154.74,-32.26,-40.93,0
29.19,1,1,0,900,0.16,-1.06,-1,-250.14,-47.94,-52.76,0
29.14,1,1,0,900,-0.12,0.53,0.49,-250.14,-45.65,-41.23,0
29.24,1,1,0,899,0.07,1.53,0.73,-250.14,-31.93,-28.43,0
29.09,1,1,0,900,-0.08,2,0.91,-250.14,-34.92,-57.26,0
29.24,1,1,0,899,0.02,2,0.93,-250.14,21.69,-47.18,0
29.14,1,1,0,900,0,2,1.05,-250.14,13.44,-25.65,0
29.28,1,1,0,900,0.15,2,1.58,-250.14,-24.49,-71.44,0
29.24,1,1,1,900,0.14,2,1.26,-250.14,-7.86,-37.53,0
29.28,1,1,0,900,0.15,2,1.28,-250.14,-6.69,-59.69,0
29.14,1,1,0,900,-0.18,2,1.09,-250.14,12.34,-42.68,0
29.28,1,1,0,900,-0.03,1.92,0.65,-250.14,-13.01,-47.56,0
29.19,1,1,0,900,-0.05,1.07,0.75,-250.14,-43.52,-20.11,0
29.28,1,1,0,900,-0.01,-0.35,-0.33,-250.14,-36.28,-50.15,0
29.42,1,1,0,901,0.16,-1.88,-1.78,-250.14,-35.85,-61.7,0
29.24,1,1,1,901,0.28,-2,-2,14.81,-38.66,-18.6,0
29.19,1,0,1,901,0.19,-2,-2,250.13,13.07,22.41,0
45.86,1,0,1,901,0.19,-2,-2,250.13,13.07,22.41,0
29.19,1,1,1,901,0.58,0.88,2,250.13,54.69,222.24,0
29.24,1,1,0,901,0.11,2,0.98,-250.14,12.57,-43.2,0
29.24,1,1,0,901,-0.11,0.53,0.38,-250.14,-49.98,-36.27,0
31.38,1,1,1,901,0,0,0,0,0,0,0
29.24,1,1,1,901,0.1,-2,-2,250.13,30.37,30.46,0
29.24,1,1,1,901,0.33,0.76,2,250.13,51.85,209.51,0
29.28,1,1,0,901,-0.1,2,1.02,-250.14,-29.98,-48.48,0
29.28,1,1,0,901,0.17,-2,-2,-250.14,-25.65,-58.33,0
44.51,1,1,1,901,0.17,-2,-2,-250.14,-25.65,-58.33,0
29.28,1,1,0,901,-0.51,1.56,2,-168.69,-49.09,-30.52,0
29.24,1,1,0,900,-0.17,0.27,0.41,-250.14,-58.58,-37.88,0
28.49,1,1,1,900,-0.17,0.27,0.41,-250.14,-58.58,-37.88,0
29.19,1,1,1,900,0.11,1,2,72.69,-61.73,148.77,0
29.24,1,1,0,901,-0.15,0.37,0.42,-250.14,-57.55,-36.92,0
29.15,1,1,1,900,-0.15,0.37,0.42,-250.14,-57.55,-36.92,0
29.33,1,1,0,900,-0.23,2,1.67,-250.14,-6.55,-50.69,0
29.19,1,1,1,900,0.16,-2,-2,-250.14,-14.56,-69.32,0
44.17,1,1,1,900,0.16,-2,-2,-250.14,-14.56,-69.32,0
29.28,1,1,0,900,-0.08,0.94,0.57,-250.14,-44.34,-18.5,0
36.53,1,0,1,900,0,0,0,0,0,0,0
29.19,1,1,0,900,0.08,2,0.88,-250.14,3.57,-52.13,0
40.35,1,1,1,900,0.08,2,0.88,-250.14,3.57,-52.13,0
29.24,1,1,0,900,0.13,2,0.83,-250.14,9.82,-70.54,0
42.6,1,1,1,900,0.13,2,0.83,-250.14,9.82,-70.54,0
29.14,1,1,0,900,0.25,2,0.8,-250.14,29.39,-56.55,0
48.55,1,1,1,900,0.25,2,0.8,-250.14,29.39,-56.55,0
29.19,1,1,0,900,0,1.8,0.98,-250.14,-47.1,-35.44,0
36.75,1,1,1,900,0,1.8,0.98,-250.14,-47.1,-35.44,0
29.14,1,1,0,900,-0.03,-0.88,-0.74,-250.14,-44.56,-51.82,0
34.97,1,1,0,900,-0.03,-0.88,-0.74,-250.14,-44.56,-51.82,0
34.97,1,1,1,900,-0.03,-0.88,-0.74,-250.14,-44.56,-51.82,0
29.28,1,1,0,900,0.11,2,0.99,-250.14,11.63,-44.9,0
29.24,1,0,1,900,-0.74,-1.68,-1.26,250.13,92.77,45.07,0
0.87,1,1,1,900,-0.74,-1.68,-1.26,250.13,92.77,45.07,0
29.28,1,1,0,901,0.32,2,0.83,-250.14,16,-79.1,0
29.19,1,1,1,901,0.08,-0.35,-1.72,250.13,118.6,35.89,0
40.25,1,1,1,901,0.45,-2,-2,70.03,-24.78,-21.74,0
29.28,1,1,0,901,-0.21,0.11,0.03,-250.14,-52.5,-45.39,0
29.19,1,1,0,901,-0.08,2,1.79,-250.14,20.3,-86.31,0
29.14,1,1,1,900,-0.72,-1.29,-2,250.13,117.85,41.79,0
29.14,1,1,1,901,0.5,-2,-2,170.92,-26.67,5.25,0
29.28,1,1,0,901,0.1,-1.85,-1.54,-250.14,-30.66,-55.27,0
29.24,1,1,0,901,0.18,1.96,0.75,-250.14,-31.05,-37.73,0
29.14,1,1,0,901,-0.64,2,2,-250.14,-7.97,-45.04,0
29.19,1,1,1,901,0.12,-0.17,-0.22,250.13,141.5,50.48,0
42.19,1,0,1,901,0.12,-0.17,-0.22,250.13,141.5,50.48,0
29.19,1,1,1,901,0.5,-2,-2,181.13,-23.71,6.92,0
29.19,1,1,1,901,0.23,-2,-2,-193.51,-15.5,-59.69,0
29.24,1,1,0,901,0.14,-2,-1.85,-250.14,-42.56,-60.98,0
29.19,1,1,0,901,-0.22,-0.44,-0.44,-250.14,-60.92,-66.52,0
29.19,1,1,0,901,-0.1,0.71,0.45,-250.14,-44.08,-19.67,0
29.14,1,1,0,901,0.18,1.48,0.67,-250.14,-50.42,-26.06,0
29.24,1,1,0,901,0.13,2,0.81,-250.14,-34.34,-42.02,0
29.19,1,1,0,901,0.14,2,0.88,-250.14,-25.92,-46.37,0
29.19,1,1,0,901,0.11,1.9,0.82,-250.14,-38.59,-42.63,0
29.14,1,1,0,902,0.15,1.69,0.7,-250.14,-50.35,-29.19,0
29.24,1,1,0,902,0.01,0.82,0.38,-250.14,-45.18,-10.98,0
29.19,1,1,0,902,-0.18,-0.54,-0.47,-250.14,-58.43,-41.23,0
29.19,1,1,0,902,-0.03,-1.9,-1.65,-250.14,-27.04,-69.14,0
29.24,1,1,1,902,0.23,-2,-2,-185.13,-4.94,-59.16,0
29.09,1,1,1,902,0.47,-2,-2,133.1,-16.72,-2.79,0
29.14,1,1,1,903,0.32,-2,-2,250.13,25.02,81.48,0
29.33,1,1,1,902,-0.13,-0.61,-1,250.13,46.07,17.73,0
29.09,1,1,0,902,-0.84,2,2,-135.91,-35.73,48.93,0
29.14,1,1,0,903,0.4,2,0.82,-250.14,1.41,-65.76,0
29.28,1,1,0,903,-0.06,-1.35,-1.1,-250.14,-58.85,-58.99,0
29.09,1,1,1,902,0.6,-2,-2,83.44,-19.11,-30.78,0
29.19,1,0,1,903,0.05,-2,-1.67,250.13,87.51,84.62,0
29.28,1,1,0,903,-0.46,2,2,-250.14,-4.33,-11.14,0
29.24,1,1,0,903,0.07,0.49,0.18,-250.14,-55.28,-12.6,0
29.19,1,1,1,902,0.4,-2,-2,18.56,-6.11,-52.44,0
29.14,1,0,1,903,-0.33,-0.92,-0.32,250.13,110.19,38.85,0
29.14,1,1,0,903,0.41,2,0.79,-250.14,12.63,-107.34,0
29.24,1,1,0,902,0.15,-2,-2,-222.92,15.89,-67.15,0
29.19,1,1,1,903,-0.19,-1.44,-2,250.13,90.44,82.01,0
29.28,1,1,0,903,0.45,2,0.67,-250.14,11.63,-104.24,0
29.24,1,1,1,902,0.26,-2,-2,-67.49,11.87,-63.45,0
29.24,1,1,1,903,0.96,1.7,2,250.13,112,156.63,0
29.28,1,1,0,903,-0.04,-0.3,-0.33,-250.14,-60.35,-26.1,0
29.19,1,1,1,903,0.31,-2,-2,250.13,12.54,99.8,0
29.14,1,1,0,903,0.46,2,0.62,-250.14,26.82,-76.48,0
29.19,1,1,1,902,0.49,-2,-2,250.13,-18.24,19.14,0
29.19,1,1,0,903,-0.5,2,2,-250.14,-30.5,-129.7,0
29.14,1,1,1,901,0.54,-2,-2,116.87,-13.81,-21.46,0
29.24,1,1,0,903,-0.45,2,1.89,-250.14,13.2,-126.89,0
29.28,1,1,1,903,0.53,-2,-2,197.37,-16.89,8.7,0
29.24,1,1,0,902,0.19,2,0.87,-250.14,-21.79,-133.12,0
29.24,1,0,1,902,0.45,-2,-2,250.13,8.21,94.21,0
29.19,1,1,0,903,0.15,0.87,0.31,-250.14,-61.95,-22.28,0
29.19,1,1,1,902,-0.15,0.87,0.31,-250.14,-61.95,-22.28,0
29.19,1,1,0,902,0.07,-2,-2,-225.97,6.92,-78.99,0
29.19,1,1,0,903,-0.45,2,2,-250.14,-6.9,-102.38,0
29.24,1,1,1,902,0.57,-2,-2,250.13,-1.28,82.92,0
29.19,1,1,0,903,-0.16,-1.48,-1.12,-250.14,-52.98,-44.12,0
29.19,1,1,0,903,-0.49,2,2,-0.01,-0.01,-1.13,0
29.19,1,1,1,902,0.44,-2,-2,250.13,3.02,124.63,0
29.28,1,1,0,903,0.1,-2,-2,-212.15,15.24,-83.68,0
29.19,1,1,0,903,-0.06,-2,-2,-250.14,-27.93,-71.58,0
29.24,1,1,0,904,-0.06,-2,-1.9,-250.14,-46.69,-47.55,0
29.19,1,1,0,903,-0.13,-1.82,-1.39,-250.14,-49.7,-49.52,0
29.14,1,1,0,904,-0.06,-2,-1.72,-250.14,-45.21,-43.88,0
29.14,1,1,0,904,-0.06,-2,-2,-250.14,-34.25,-70.34,0
29.19,1,1,0,903,0.05,-2,-2,-234.99,-4.22,-82.7,0
29.28,1,1,1,902,0.27,-2,-2,-94.34,37.26,-85.38,0
29.24,1,1,1,900,0.55,-2,-2,127.67,17.55,-32.85,0
29.14,1,0,1,902,0.11,-1.4,-0.63,15.9,-0.98,-0.08,0
29.14,1,0,1,902,0.07,-0.93,-0.51,0.56,-2.12,0.59,0
29.33,1,0,1,902,0.13,-1.71,-0.7,18.92,-0.48,-0.95,0
29.33,1,1,1,902,0.33,-2,-0.83,250.13,23.13,61.56,0
29.42,1,1,0,902,0.29,-1.48,-0.22,250.13,38.32,39.39,0
29.38,1,1,0,901,0.4,-0.01,1.78,250.13,41.66,131.19,0
29.33,1,1,0,901,-0.35,0.8,0.87,-98.81,-28.08,-2.2,0
29.42,1,1,0,901,-0.03,1.58,1.67,-250.14,-3.79,-54,0
29.33,1,1,0,901,0.22,1.55,0.23,-250.14,22.85,-62.09,0
29.38,1,1,1,901,0.16,0.54,0.09,-250.14,-13.75,-35.31,0
29.38,1,1,1,901,0.08,-1.67,-1.41,-163.16,-28.51,-30.72,0
29.38,1,1,0,901,0.28,-2,-2,84.4,-3.63,4.77,0
29.38,1,0,1,901,0.2,-2,-2,250.13,31.98,58.63,0
29.38,1,1,0,901,-0.07,0.09,2,145.91,-18.56,85.76,0
29.42,1,1,0,901,-0.23,1.66,0.94,-250.14,-20.3,-96.08,0
29.38,1,1,1,901,0.08,-0.51,-0.46,-235.04,-31.73,-22.02,0
29.42,1,1,1,901,0.33,-2,-2,106.92,-14.63,8.68,0
29.38,1,1,1,901,0.35,-0.97,-0.37,250.13,62.5,74.7,0
29.42,1,1,0,901,-0.21,1.74,1.01,-250.14,-32.01,-74.89,0
29.38,1,1,0,901,0.04,-1.46,-1.19,-171.25,-32.12,-32.32,0
29.42,1,0,1,901,0.26,-2,-2,250.13,24.91,53.04,0
29.47,1,1,0,901,-0.14,1.57,1.63,-250.14,-24.73,-46.81,0
29.42,1,1,0,901,0.05,-1.26,-1.03,-196.85,-32.38,-31.6,0
29.47,1,1,1,901,0.22,-2,-1.9,250.13,24.36,66.62,0
47.09,1,1,0,901,0,0,0,-0.01,-0.01,-0.01,0
29.42,1,1,0,901,0.27,-2,-2,1.31,-15.02,-13.98,0
29.42,1,1,0,901,-0.04,0.45,1.83,71.62,-38.17,85.5,0
29.33,1,1,1,901,0.07,-1.2,-1,-216.18,-30.03,-24.79,0
29.47,1,1,1,901,0.49,-1.16,0.32,250.13,24.34,107.63,0
29.38,1,1,0,901,0.13,0.13,-0.14,-250.14,-20.59,-28.29,0
29.42,1,1,1,901,-0.14,-1.91,-2,250.13,51.29,44.97,0
29.47,1,1,1,901,0.15,0.25,-0.09,-250.14,-19.63,-35.55,0
29.42,1,1,1,901,0.47,-1.16,0.44,250.13,28.5,102.37,0
29.38,1,1,0,901,0.03,-0.84,-0.68,-226.53,-27.53,-27.26,0
29.42,1,1,1,901,-0.12,0.27,2,187.83,-26.84,95.46,0
29.38,1,1,1,901,0.22,-2,-2,-31.27,-8.03,-26.44,0
29.38,1,1,0,901,-0.09,1.81,1.21,-250.14,-22.02,-70.56,0
29.47,1,1,1,901,0.24,-2,-2,250.13,16.64,57.95,0
29.38,1,1,0,901,0.08,-0.62,-0.53,-240.6,-27.08,-28.18,0
29.33,1,1,0,901,-0.43,1.14,1.34,-124.08,-22.54,-10.04,0
29.42,1,1,1,901,0.28,-2,-2,250.13,8.4,53.33,0
29.33,1,1,1,901,0.1,-0.83,-0.68,-237.08,-30.36,-23.99,0
29.38,1,1,0,901,-0.07,1.85,1.82,-250.14,-23.8,-57.52,0
29.42,1,0,1,901,0.42,-1.46,-0.59,250.13,43.84,58.49,0
29.38,1,1,0,901,0.34,-2,-2,29.61,-14.34,-13.78,0
29.33,1,1,0,901,0.17,0.13,-0.2,-250.14,-18.82,-37.3,0
29.38,1,1,0,901,-0.21,1.85,1.94,-250.14,-30.2,-73.51,0
29.52,1,1,1,901,0.09,-0.21,-0.67,250.13,107.29,120.67,0
29.42,1,1,1,901,0.25,-2,-2,250.13,7.45,57.69,0
29.33,1,1,1,901,0.26,-2,-2,11.41,-5.29,-22.59,0
29.42,1,1,1,901,0.08,-1.31,-1.06,-224.92,-28.68,-24.63,0
29.42,1,1,1,901,0.07,0.92,0.14,-250.14,-8.31,-66.92,0
29.42,1,1,0,901,-0.2,1.81,0.89,-250.14,-36.61,-92.34,0
29.28,1,1,0,901,-0.16,1.8,1.77,-250.14,-22.09,-60.56,0
29.33,1,1,1,901,-0.3,1.04,1.83,-75.56,-54.51,19.92,0
29.47,1,1,1,901,-0.08,0.45,2,212.2,66.26,113.99,0
29.42,1,1,1,901,0.07,-0.36,0.61,250.13,100.21,115.33,0
29.42,1,1,1,901,-0.08,-0.19,-0.85,250.13,97.98,127.69,0
29.38,1,1,1,901,-0.23,-0.29,-0.71,250.13,91.8,130.01,0
29.47,1,1,1,901,0.01,0.25,0.84,250.13,108.1,117.75,0
29.42,1,1,1,901,-0.09,0.51,2,133.47,3.66,94.94,0
29.28,1,1,1,901,-0.33,1.18,1.35,-108.42,-29.3,14.76,0
29.33,1,1,0,901,-0.18,1.89,1.83,-250.14,-23.16,-61.95,0
29.38,1,1,0,901,-0.09,1.87,0.8,-250.14,-35.39,-103.62,0
29.33,1,1,0,901,0.17,0.49,-0.02,-250.14,-13.12,-59.31,0
29.38,1,1,0,901,0.21,-1.56,-2,106.49,-4.86,35.04,0
29.42,1,1,0,901,0.54,-0.71,-2,-12.54,41.82,-17.56,0
29.33,1,1,1,901,0.43,-2,-2,250.13,11.02,64.19,0
29.38,1,1,1,901,0.75,0.72,1.86,250.13,-22.98,172.44,0
29.47,1,1,1,901,-0.19,0,2,91.73,-243.26,112.23,0
29.33,1,1,1,901,0.18,0.04,-1.22,-5.27,-4.44,0.82,0
29.33,1,0,1,901,0.64,-0.08,-2,4.19,-1.69,-0.15,0
29.38,1,1,1,901,0.22,-0.03,-1,25.26,11.98,-3.59,0
29.38,1,1,0,901,-0.24,0.09,2,-14.21,-12.66,2.06,0
29.33,1,1,1,901,0.41,-0.06,-2,0.11,-2.22,-0.72,0
29.38,1,1,0,901,0.43,-0.11,-2,9.75,5.26,0.62,0
29.38,1,1,0,901,-0.23,0.08,2,-19.19,-38.31,2.3,0
29.38,1,1,1,901,0.46,-0.09,-2,-3.73,4.11,0.11,0
29.42,1,1,1,901,0.26,0,-1.69,19.31,8.53,-1.15,0
29.42,1,1,1,901,-0.15,0.03,1.37,-15.6,-6.1,1.18,0
29.42,1,1,1,901,0.64,-0.12,-2,9.09,5.02,0.35,0
29.33,1,1,0,901,-0.26,0.1,2,-19.31,-30.17,2.48,0
29.38,1,1,1,901,0.61,-0.11,-2,-1.37,4.15,0.37,0
66,1,1,1,901,0.61,-0.11,-2,-1.37,4.15,0.37,0
29.33,1,1,0,901,0.43,-0.09,-2,-3.28,2.02,-0.18,0
57.48,1,1,1,901,0.43,-0.09,-2,-3.28,2.02,-0.18,0
29.24,1,0,1,901,0.44,-0.09,-2,-3.15,3.01,-0.37,0
57.95,1,1,1,901,0.44,-0.09,-2,-3.15,3.01,-0.37,0
29.28,1,1,0,901,0.62,-0.12,-2,0.13,4.54,-0.12,0
29.33,1,1,0,901,-0.27,0.13,2,-20.89,-19.85,3.21,0
29.33,1,1,0,901,0.52,-0.13,-2,15.29,9.94,0.91,0
29.33,1,1,1,901,0.18,0.02,-1.14,-3.47,-9.7,-1.38,0
45.08,1,1,1,901,0.18,0.02,-1.14,-3.47,-9.7,-1.38,0
29.38,1,1,0,901,0.69,-0.15,-2,12.44,3.32,-0.54,0
29.42,1,1,1,901,0.03,0.03,-0.04,-13.79,-1.47,-0.49,0
29.33,1,1,1,901,-0.2,0.07,1.92,-10.18,-15.26,0.76,0
29.42,1,1,0,901,0.5,-0.14,-2,18.01,14.65,0.79,0
29.24,1,1,1,901,0.54,-0.13,-2,-1.33,-0.38,-0.66,0
29.33,1,1,1,901,-0.15,0.08,1.35,-20.32,0.8,0.56,0
29.33,1,1,1,901,-0.26,0.07,1.96,-7.6,-29.01,1.56,0
29.38,1,1,1,901,0.27,-0.1,-1.87,18,9.42,2.87,0
29.33,1,1,0,901,0.66,-0.17,-2,15.16,5.84,-0.82,0
29.33,1,1,1,901,0.51,-0.12,-2,-0.53,-1.55,-1.08,0
29.33,1,1,1,901,0.1,0.02,-0.7,-12.21,2.15,-2.76,0
29.42,1,1,0,901,-0.18,0.11,1.77,-29.33,-2.33,0.98,0
29.33,1,1,0,901,-0.28,0.14,2,-30.53,-34.37,4.37,0
29.38,1,1,1,901,-0.29,0.09,2,-10.5,-28.67,1.79,0
29.42,1,1,1,901,-0.12,0.01,1.39,-16.27,7,3.91,0
30.51,1,1,1,901,-0.12,0.01,1.39,-16.27,7,3.91,0
29.47,1,1,1,901,0.25,-0.05,-0.62,69.9,14.42,-2.34,0
29.33,1,1,1,901,0.2,-0.02,-0.58,70.19,12.6,0.64,0
29.33,1,1,1,901,0.1,0.08,-0.62,83.59,13.68,-1.31,0
29.38,1,0,1,904,0.08,-0.83,-0.48,-0.94,-1.22,-0.92,0
29.52,1,1,0,907,-0.29,2,2,-250.14,3.87,-151.29,0
29.47,1,1,0,907,-0.27,2,2,-250.14,-10.26,-165.15,0
29.42,1,1,0,906,-0.17,2,2,-250.14,-77.3,-175.67,0
29.38,1,1,0,905,0.24,2,1.05,-250.14,28.83,-119.62,0
29.52,1,1,0,906,0.15,1.99,0.65,-250.14,-45.1,-95.88,0
29.47,1,1,0,907,0.19,-0.45,-0.72,-250.14,-74.06,-12.25,0
29.42,1,1,0,904,0.01,-2,-2,-250.14,-33.4,-83.96,0
29.47,1,1,0,901,0.53,-2,-2,-23.24,53.78,-91.31,0
29.42,1,1,1,899,0.57,-2,-2,250.13,13.15,59.96,0
29.38,1,1,1,900,0.36,-0.14,-0.2,250.13,48.27,202.31,0
29.42,1,1,1,900,0.15,2,2,-86.71,28.02,169.19,0
29.38,1,1,0,905,-0.1,2,1.04,-250.14,-21.57,-159.44,0
29.42,1,1,0,902,0.19,-2,-2,-228.84,-16.67,-63.27,0
29.47,1,1,1,900,0.5,-2,-2,250.13,21.44,53.4,0
29.42,1,1,1,902,-0.44,2,2,181.69,-3.04,227.73,0
29.47,1,1,0,903,0.16,2,0.69,-250.14,18.99,-113.79,0
29.33,1,1,0,901,0.26,-2,-2,-169.24,14.73,-87.77,0
29.38,1,1,1,902,0.41,-1.32,-2,250.13,8.79,151.36,0
29.42,1,1,0,903,-0.32,2,2,-250.14,-38.89,-64.78,0
29.38,1,1,0,901,0.26,-2,-2,-120.02,-0.09,-71.44,0
29.42,1,1,1,902,0.69,0.67,0.07,250.13,124.36,246.07,0
29.38,1,1,0,899,0.1,1.88,0.65,-250.14,-27.92,-112.05,0
29.38,1,1,1,899,0.67,-2,-2,250.13,37.37,5.95,0
29.38,1,1,1,901,-0.74,2,2,-250.14,-41.15,16.57,0
29.33,1,1,0,901,0.37,-2,-2,-37.07,7.96,-73.31,0
29.38,1,1,1,901,-0.9,2,2,-167.85,-70.36,76.79,0
29.47,1,1,0,902,0.13,-2,-2,-250.14,-26.93,-79.95,0
29.42,1,1,1,901,0.45,2,2,250.13,57.3,60.58,0
29.47,1,1,0,899,0.16,-2,-2,-173.13,-11.45,-75.89,0
29.42,1,1,1,899,-1.05,2,2,-250.14,-43.83,-69.87,0
29.47,1,1,0,898,0.66,-2,-2,62,54.67,-69.23,0
29.42,1,1,0,895,-0.37,2,2,-250.14,-52.71,-107.32,0
29.38,1,1,1,896,0.2,-2,-2,250.13,10.52,110.33,0
29.33,1,1,0,897,0.12,-1.83,-1.66,-250.14,-76.14,-25.53,0
29.42,1,1,1,898,0.61,2,2,122.72,1.57,92.45,0
29.33,1,1,1,896,0.74,-2,-2,250.13,43.05,50.49,0
29.38,1,1,0,898,0.3,-0.8,-1.17,-250.14,-83.07,-30.6,0
29.42,1,1,0,900,-0.1,2,2,-103.15,0.17,129.92,0
29.28,1,1,1,898,0.43,-2,-2,250.13,34.27,125.9,0
29.33,1,1,0,899,0.13,-2,-2,-184.45,1.76,-60.11,0
29.38,1,1,0,899,0.44,2,0.25,-250.14,4.91,-138.53,0
29.47,1,1,1,900,0.01,2,2,-7.69,-7.55,172.59,0
29.33,1,1,1,901,0.16,-1.42,-1.79,250.13,-24.95,151.7,0
29.38,1,1,0,898,0.72,-2,-2,216.46,62.67,-42.34,0
29.33,1,1,0,899,0.14,-2,-2,-250.14,-38.79,-45.49,0
29.28,1,1,0,902,0.22,0.54,-0.29,-250.14,-52.99,-78.21,0
29.33,1,1,1,899,-0.45,2,2,-250.14,-32.89,-169.17,0
29.33,1,1,0,899,-0.95,2,2,-250.14,-105.5,-26.14,0
29.47,1,1,1,899,-0.16,2,2,250.13,25.89,250.13,0
29.42,1,1,1,899,-0.34,0.99,0.15,250.13,76.32,207.37,0
29.28,1,1,1,900,-0.16,-0.4,-1.26,250.13,73.25,165.93,0
29.47,1,1,1,900,0.46,-0.88,-2,250.13,33.6,157.15,0
29.33,1,1,1,899,0.29,-1.68,-1.67,250.13,-3.76,145.4,0
29.38,1,1,1,899,0.45,-1.15,-2,250.13,41.38,194.56,0
29.38,1,1,1,899,-0.26,-0.59,-1.75,250.13,67.68,159.25,0
29.33,1,1,1,898,0.11,0.96,0.26,250.13,41.51,215.19,0
29.38,1,1,1,899,0.05,2,2,250.13,54.83,250.13,0
29.38,1,1,0,899,-1.15,2,2,-236.07,-78.86,43.83,0
29.38,1,1,1,900,-0.33,2,2,-250.14,1.15,-209.33,0
29.33,1,1,0,900,0.49,1.45,-0.27,-250.14,3.23,-133.82,0
29.28,1,1,0,900,0.13,-2,-2,-250.14,-68.89,-29.92,0
29.38,1,1,0,899,0.67,-2,-2,121.66,46.13,-64.98,0
29.38,1,1,1,899,0.41,-2,-2,250.13,29.85,134.81,0
29.28,1,1,1,900,-0.13,2,2,132.39,-31.55,250.13,0
29.33,1,1,0,902,0.02,2,1.35,-250.14,-22.01,-226.77,0
29.38,1,1,0,901,0.09,-2,-2,-250.14,-43.56,-57.66,0
29.33,1,1,1,899,0.7,-2,-2,250.13,49.58,91.11,0
29.38,1,1,0,900,-0.4,2,2,-2.2,9.82,201.06,0
29.38,1,1,0,898,0.3,0.52,-0.56,-250.14,-35.74,-68.47,0
29.33,1,1,1,897,0.76,-2,-2,250.13,74.98,-19.01,0
29.38,1,1,1,898,-0.44,2,2,219.87,78.03,250.13,0
29.38,1,1,0,897,0.17,-0.96,-1.25,-250.14,-60.23,-53.69,0
29.42,1,1,1,898,0.58,-2,-2,250.13,33.8,90.72,0
29.38,1,1,0,897,-0.28,2,2,-250.14,-32.08,-238.53,0
29.24,1,1,0,897,0.56,-2,-2,73.92,21.1,-76.21,0
29.28,1,1,0,895,-0.99,2,2,-109.31,-67.76,133.54,0
29.33,1,1,0,896,0.25,-2,-2,-176.83,-11.98,-63.56,0
29.19,1,1,1,898,0.64,2,2,250.13,108.31,221.37,0
29.38,1,1,0,895,0.11,-2,-2,-213.98,-21.25,-78.72,0
29.42,1,1,1,897,-0.77,2,2,-90.02,-89.17,160.63,0
29.38,1,1,0,894,0.54,-2,-2,42.27,38.4,-92.78,0
29.28,1,1,0,897,-0.34,2,2,-250.14,-34.02,-207.5,0
29.24,1,1,1,898,0.55,-2,-2,250.13,40.79,92.84,0
29.38,1,1,0,892,0.17,-0.9,-1.45,-250.14,-23.01,-44.91,0
29.28,1,1,1,898,-0.74,2,2,187.66,-3.34,250.13,0
29.28,1,1,1,896,0.81,-2,-2,250.13,69.05,-30.27,0
29.38,1,1,0,891,0.29,0.61,-0.6,-250.14,-11.23,-65.95,0
29.33,1,1,1,888,-0.17,2,2,86.76,10.04,246.19,0
29.33,1,1,1,887,0.67,-2,-2,250.13,55.1,56.18,0
29.38,1,1,0,895,0.03,-2,-2,-250.14,-57.3,-37.03,0
29.33,1,1,0,900,-0.17,2,1.99,-250.14,-18.21,-227.26,0
29.24,1,1,1,896,-0.45,2,2,185.31,33.15,250.13,0
29.28,1,1,1,895,0.48,-2,-2,250.13,30.17,142.5,0
29.24,1,1,0,900,0.59,-2,-2,72.39,41.5,-83.98,0
29.19,1,1,0,901,0.12,-2,-2,-250.14,-72.23,-6.08,0
29.33,1,1,0,900,0.78,1.27,-0.53,-250.14,-19.56,-160.96,0
29.24,1,1,0,897,-0.46,2,2,-250.14,11.62,-250.14,0
29.24,1,1,0,895,-1.36,2,2,-250.14,-65.24,-44.12,0
29.28,1,1,0,898,0.16,2,2,250.13,79.01,250.13,0
29.28,1,1,1,889,0.77,2,2,250.13,45.69,250.13,0
29.24,1,1,1,900,0.22,1.08,1.35,250.13,29.47,203.31,0
29.33,1,1,1,886,-0.61,0.89,-1.22,250.13,94.33,190.87,0
29.33,1,1,1,891,0.28,0.98,-0.24,250.13,69.4,146.14,0
29.38,1,1,1,878,0.27,2,1.47,250.13,84.48,190.77,0
29.28,1,1,0,885,0.36,2,2,250.13,115.86,250.13,0
29.28,1,1,0,889,-1.39,2,2,-158.69,-36.5,140.34,0
29.38,1,1,0,891,-0.91,2,2,-250.14,-33.44,-148.37,0
29.19,1,1,0,898,0.37,2,1.14,-250.14,-60.5,-250.14,0
29.28,1,1,0,900,0.57,-1.41,-2,-250.14,-69.95,-34.15,0
29.24,1,1,0,884,-0.01,-2,-2,-161.43,-20.24,-73.56,0
29.28,1,1,1,848,0.83,-2,-2,250.13,58.71,16.24,0
29.28,1,1,1,891,-0.09,1.78,-0.89,250.13,83.89,188.26,0
29.28,1,1,0,871,-1.24,2,2,-250.14,-52.96,-59.76,0
29.33,1,1,0,865,0.62,-0.08,-1.26,-250.14,4.4,-91.39,0
29.28,1,1,0,852,0.52,-2,-2,120.9,29.84,-77.45,0
29.24,1,1,1,857,-0.25,1.12,-0.39,250.13,81.81,179.73,0
29.24,1,1,0,857,-0.79,2,2,-250.14,-24.63,-250.14,0
29.33,1,1,0,867,-0.03,-2,-2,-182.49,-37.58,-37.76,0
29.38,1,1,1,807,0.58,-0.13,-2,250.13,11.6,195.87,0
29.28,1,1,0,876,-0.55,2,2,-250.14,-45.36,-250.14,0
29.28,1,1,1,820,0.44,-2,-2,106.14,37.18,-79.71,0
29.24,1,1,1,861,0.31,2,2,191.01,44.6,250.13,0
29.24,1,1,0,828,0.47,-2,-2,-250.14,-64.4,-22.12,0
29.28,1,1,1,842,-0.21,0.6,-1.08,250.13,73.82,174.35,0
29.28,1,1,0,870,0.43,-0.84,-1.41,-250.14,-53.29,-85.82,0
29.42,1,1,1,838,0.24,-0.34,-2,250.13,61.62,199.27,0
29.33,1,1,0,879,0.56,-0.81,-1.74,-250.14,-55.78,-82.5,0
29.33,1,1,1,839,-0.14,1.41,0.41,250.13,27.26,188.63,0
29.28,1,0,0,820,0.28,-2,-2,-250.14,-67.62,-7.47,0
29.33,1,1,0,885,-0.29,2,2,-16.27,-8.65,244.95,0
29.28,1,1,1,835,0.72,-2,-2,240.53,64.55,-57.5,0
29.28,1,1,0,836,0.37,2,1.05,-250.14,-51.05,-250.14,0
29.24,1,1,1,836,-0.25,0.99,-0.39,250.13,23.2,195.82,0
29.33,1,1,0,892,0.22,-2,-2,10.47,-0.01,-69.66,0
29.28,1,1,0,894,0.36,2,1.11,-250.14,-55.28,-250.14,0
29.24,1,1,1,839,0.43,2,2,250.13,61.73,250.13,0
29.24,1,1,1,842,0.79,-2,-2,250.13,77.21,-6.18,0
29.19,1,1,0,870,0.44,-2,-2,-250.14,-59.74,-25.55,0
29.28,1,1,0,837,-0.48,2,1.99,-250.14,-15.26,-250.14,0
29.42,1,1,1,833,-0.38,2,2,18.88,3.1,250.13,0
29.28,1,1,1,843,0.84,-0.21,-2,250.13,36.17,228.17,0
29.28,1,1,1,848,0.75,-2,-2,250.13,75.53,-26.4,0
29.24,1,1,0,843,0.27,-2,-2,-115.15,-34.23,-41.95,0
29.33,1,1,0,833,0.67,-2,-2,-250.14,-44.18,-59.59,0
29.28,1,1,0,854,0.71,0.74,-0.94,-250.14,13.5,-192.62,0
29.28,1,1,0,838,0.14,2,0.95,-250.14,-23.2,-250.14,0
29.28,1,1,0,851,-0.46,2,2,-250.14,1.9,-250.14,0
29.24,1,1,0,844,-0.51,2,2,-250.14,-12.35,-231.67,0
29.19,1,1,0,821,-0.63,2,2,-250.14,-33.15,-240.4,0
29.33,1,1,0,814,-0.56,2,2,-250.14,-19.37,-250.14,0
29.28,1,1,0,835,-0.07,2,1.69,-250.14,-29.15,-250.14,0
29.28,1,1,0,827,0.31,2,0.19,-250.14,25.1,-247.21,0
29.28,1,1,0,817,0.55,-1.27,-1.92,-250.14,-3.44,-151.15,0
29.28,1,1,0,822,0.5,-2,-2,-250.14,-30.85,-57.98,0
29.33,1,1,0,827,0.73,-2,-2,144.62,21.28,-58.49,0
29.28,1,1,1,826,0.98,-2,-2,250.13,47.27,102.18,0
29.28,1,1,1,853,-0.06,2,2,250.13,-24.93,250.13,0
29.19,1,1,0,834,-1.88,2,2,-250.14,-108.07,-64.94,0
29.14,1,1,0,857,0.32,0.2,-0.91,-250.14,9.5,-218.06,0
29.24,1,1,0,839,0.49,-2,-2,-3.23,5.94,-78.93,0
29.24,1,1,1,832,0.8,-0.18,-2,250.13,35.33,224.89,0
29.19,1,1,0,826,-1.88,2,2,-250.14,-84.91,-26.18,0
29.28,1,1,0,881,0.51,-2,-2,-250.14,-18.27,-129.14,0
29.19,1,1,1,840,0.93,-2,-2,250.13,250.13,-0.16,0
29.75,1,0,1,837,0.19,-0.03,-1.07,-0.5,-1.44,0.19,0
29.75,1,0,1,838,0.2,-0.02,-1.08,-0.47,-1.06,0.13,0
29.8,1,0,1,837,0.21,-0.03,-1.13,-0.62,-1.17,0.03,0
29.89,1,0,1,838,0.2,-0.02,-1.08,-0.32,-1.48,0.27,0
29.71,1,0,1,838,0.19,-0.02,-1.03,-0.45,-0.92,0.19,0
29.71,1,0,1,838,0.22,-0.02,-1.12,-0.72,-1.14,0.14,0
29.85,1,0,1,838,0.21,-0.02,-1.1,-0.7,-1.26,0.18,0
29.75,1,0,1,838,0.22,-0.01,-1.14,-0.46,-1.34,0.05,0
29.8,1,0,1,838,0.19,-0.03,-1.07,-0.47,-1.1,0.22,0
29.8,1,0,1,838,0.17,-0.03,-0.99,-0.53,-1.35,0.17,0
29.8,1,0,1,838,0.2,-0.02,-1.13,-0.63,-1.04,0.05,0
29.89,1,0,1,838,0.19,-0.02,-0.98,-0.25,-1.43,0.15,0
29.85,1,0,1,838,0.19,-0.01,-1.07,-0.56,-1.44,0.17,0
29.75,1,0,1,838,0.19,-0.03,-1.09,-0.25,-1.31,0.02,0
29.75,1,0,1,838,0.19,-0.02,-1.01,-0.76,-1.36,-0.01,0
29.85,1,0,1,838,0.2,-0.02,-1.06,-0.48,-0.92,0.24,0
29.8,1,0,1,838,0.21,-0.01,-1.12,-0.19,-1.56,0.33,0
29.8,1,0,1,838,0.2,-0.02,-1.05,-0.95,-0.68,0.2,0
29.85,1,0,1,838,0.22,-0.02,-1.2,-0.8,-1.23,-0.02,0
29.75,1,0,1,838,0.21,-0.02,-1.05,-0.5,-1.21,0.27,0
29.85,1,0,1,838,0.18,-0.03,-1.08,-0.23,-1.49,0.15,0
29.8,1,0,1,835,0.16,0.05,-0.45,-3.17,-0.51,-0.21,0
29.8,1,0,1,835,0.13,-0.02,-0.69,-2.95,-2.73,0.44,0
29.8,1,1,1,835,0.03,0.08,0.33,-7.85,-4.95,0.69,0
29.89,1,0,1,835,0.19,-0.05,-1.12,-0.98,-0.18,0.17,0
29.66,1,0,1,834,0.28,-0.01,-1.55,2.21,-0.11,-0.23,0
29.75,1,0,0,835,0.21,-0.02,-1.13,-0.63,0.58,0.18,0
29.75,1,0,1,835,0.11,-0.09,-0.74,-2.27,-0.13,0.26,0
29.75,1,0,1,835,0.26,-0.03,-1.46,-0.4,-1.11,-0.11,0
29.85,1,0,1,835,0.08,-0.04,-0.43,-2.17,-0.55,-0.11,0
29.8,1,0,1,835,0.17,-0.02,-0.91,-0.24,-1.91,0.22,0
29.8,1,0,1,835,0.23,-0.07,-1.43,-0.17,-0.31,-0.2,0
29.8,1,0,1,835,0.24,0.03,-1.07,-0.52,-0.76,0.32,0
29.85,1,0,1,835,0.17,-0.03,-0.89,-0.85,-0.95,0.23,0
29.85,1,0,1,835,0.22,0.04,-0.87,-0.89,-0.15,0.11,0
29.75,1,0,1,829,0.13,-0.04,-0.76,-0.65,-0.92,0.07,0
29.8,1,0,1,829,0.25,-0.06,-1.44,2.05,-2.2,0,0
29.8,1,0,1,831,0.26,-0.04,-1.57,2.82,0.91,-0.21,0
29.89,1,0,1,831,0.22,-0.07,-1.44,2.75,1.45,-0.15,0
29.75,1,0,1,831,0.17,-0.01,-0.84,-3.01,-0.64,0.28,0
29.85,1,0,1,831,0.11,-0.03,-0.59,-1.48,-0.04,0.11,0
29.75,1,0,1,831,0.19,-0.01,-1.05,-0.08,-1.9,0.12,0
29.8,1,0,1,831,0.25,-0.01,-1.29,-1.64,-0.52,-0.02,0
29.8,1,0,1,831,0.21,-0.03,-1.21,-0.69,-0.87,0.15,0
29.8,1,0,1,831,0.21,-0.03,-1.17,-0.72,-1.56,0.17,0
29.89,1,0,1,832,0.15,-0.02,-0.82,-0.61,-1.46,0.05,0
29.75,1,0,1,831,0.11,-0.03,-0.62,-1.17,-0.43,0.3,0
29.85,1,0,1,830,0.25,-0.03,-1.35,0.42,-2.64,0.09,0
29.75,1,0,1,830,0.25,-0.02,-1.32,-0.87,-0.5,0.11,0
29.8,1,0,1,830,0.18,-0.02,-0.93,-0.55,-0.95,0.16,0
29.8,1,0,1,831,0.15,-0.02,-0.74,0.12,-2.5,0.22,0
29.8,1,0,1,831,0.24,-0.01,-1.3,-0.62,-1.58,0.04,0
29.85,1,0,1,831,0.17,0,-0.9,-1.89,-0.94,0.13,0
29.85,1,0,1,831,0.12,0,-0.53,-1.24,-0.66,0.09,0
29.75,1,0,1,831,0.26,-0.03,-1.44,-1.21,-0.82,-0.11,0
29.8,1,0,1,831,0.25,0,-1.35,0.37,-1.5,0.19,0
29.8,1,0,1,830,0.23,0,-1.1,0.66,-3.5,-0.04,0
29.85,1,0,1,831,0.11,0,-0.65,-0.84,-2.43,0.31,0
29.85,1,0,1,829,0.21,-0.01,-1.09,-1.53,0.53,0.15,0
29.85,1,0,1,829,0.18,-0.03,-0.97,-0.29,-1.59,0.27,0
29.8,1,0,1,831,0.19,-0.01,-0.93,-2,-0.56,0.27,0
29.89,1,0,1,831,0.16,-0.06,-1.02,-0.82,-0.29,0.08,0
29.8,1,0,1,832,0.14,-0.04,-0.88,-1.11,-0.53,0.11,0
29.89,1,0,1,832,0.18,-0.03,-1.02,-0.82,-1.01,0.2,0
29.85,1,0,1,831,0.24,-0.01,-1.24,-0.56,-1.4,0.16,0
29.75,1,0,1,831,0.19,-0.02,-1.07,-0.56,-1.11,0.27,0
29.94,1,0,1,831,0.15,-0.02,-0.74,-0.87,-0.52,0.09,0
29.8,1,0,1,831,0.26,-0.02,-1.37,-0.66,-1.07,0.02,0
29.89,1,0,1,831,0.18,-0.01,-0.9,-0.59,-0.88,0.27,0
29.8,1,0,1,831,0.19,-0.02,-1.02,-0.34,-1.44,0.08,0
29.85,1,0,1,831,0.17,-0.03,-0.9,-0.66,-0.85,0.21,0
29.85,1,0,1,831,0.21,-0.02,-1.09,-0.68,-1.18,0.08,0
29.85,1,0,1,831,0.19,-0.02,-1.06,-0.47,-1.11,0.35,0
29.89,1,0,1,832,0.2,-0.03,-1.07,-0.55,-1.31,-0.04,0
29.89,1,0,1,832,0.2,-0.03,-1.09,-0.48,-1.32,0.05,0
29.8,1,0,1,832,0.2,-0.02,-1.05,-0.68,-1.08,0.15,0
29.85,1,0,1,832,0.2,-0.02,-1.05,-0.69,-1.08,0.15,0
29.85,1,0,1,832,0.2,-0.02,-1.06,-0.34,-1.51,-0.01,0
29.75,1,0,1,832,0.2,-0.01,-1.06,-0.57,-1.18,0.11,0
29.89,1,0,1,832,0.2,-0.02,-1.06,-0.63,-1.15,0.04,0
29.8,1,0,1,832,0.22,-0.02,-1.22,-0.8,-0.27,0.18,0
29.8,1,0,1,832,0.28,-0.04,-1.69,1.31,-1.23,-0.05,0
29.85,1,0,1,832,0.4,0.1,-1.85,4.76,-1.07,0.08,0
29.75,1,0,1,831,0.22,-0.02,-1.16,-1.18,0.24,0.28,0
29.8,1,0,1,832,0.21,-0.02,-1.14,-1.48,0.08,0.13,0
29.8,1,0,1,832,0.22,-0.01,-1.17,-0.34,-1.38,0.16,0
29.89,1,0,1,832,0.19,-0.04,-1.1,-1.5,-1.28,0.13,0
29.89,1,0,1,832,0.26,-0.07,-1.62,0.39,3.6,-0.15,0
29.8,1,0,1,832,0.19,-0.01,-0.89,-0.84,-1.52,0.13,0
29.94,1,0,1,832,0.25,-0.06,-1.5,-0.18,-1.05,0.03,0
29.75,1,0,1,832,0.2,0,-0.94,-1.5,-0.44,0.12,0
29.8,1,0,1,832,0.1,-0.01,-0.32,-5.56,-5.45,0.59,0
29.8,1,0,1,832,0.27,-0.08,-1.66,-1.08,-0.63,0.02,0
29.89,1,0,1,832,0.27,-0.02,-1.34,-1.66,-0.62,0.01,0
29.8,1,0,1,832,0.22,-0.01,-1.2,0.23,-2.14,0.13,0
29.94,1,0,1,832,0.23,-0.06,-1.41,1.26,-1.63,-0.05,0
29.85,1,0,1,832,0.2,-0.02,-1.04,-0.45,-0.98,0.33,0
29.89,1,0,1,832,0.19,-0.06,-1.23,-0.25,-1.24,0.11,0
29.8,1,0,1,832,0.1,-0.02,-0.45,-3.25,-2.75,0.33,0
29.89,1,0,1,832,0.25,-0.01,-1.35,-0.21,-1.39,-0.02,0
29.8,1,0,1,832,0.2,0.03,-0.85,-1.02,-1.3,0.08,0
29.8,1,0,1,832,0.2,-0.02,-1.17,-0.99,-0.82,0.28,0
29.85,1,0,1,831,0.21,-0.02,-1.03,-1.03,-0.99,0.08,0
29.85,1,0,1,827,0.2,-0.05,-1.11,-0.98,-0.75,0.1,0
29.8,1,0,1,828,0.21,-0.03,-1.14,-0.93,-0.6,0.14,0
29.8,1,0,1,829,0.1,-0.09,-0.57,-3.17,0.5,-0.27,0
29.71,1,0,1,821,0.21,-0.06,-1.34,0.41,-0.37,0.3,0
29.85,1,0,1,846,0.37,0.03,-1.85,-0.59,-0.6,-0.46,0
29.85,1,1,1,770,0.02,0.02,0.11,-5.75,-5.41,0.45,0
29.85,1,0,1,859,0.2,0.04,-0.86,-1.73,-1.51,0.09,0
29.89,1,0,1,829,0.15,0.02,-0.68,0.29,-4.3,0.31,0
29.89,1,0,1,881,0.08,-0.02,-0.35,-4.67,-1.61,0.44,0
29.89,1,0,1,898,0.25,-0.05,-1.48,-0.26,-1.51,-0.02,0
29.85,1,0,1,782,0.16,-0.06,-1.04,-0.44,-1.61,0.24,0
29.94,1,0,1,853,0.07,-0.04,-0.36,-1.97,1.08,0.25,0
29.85,1,0,1,873,0.17,-0.06,-1.13,-0.09,-0.96,0.16,0
29.85,1,0,1,755,0.16,-0.14,-1.27,-0.95,0.4,-0.05,0
29.89,1,0,1,841,0.35,-0.16,-2,5.59,-5.65,-0.09,0
29.89,1,0,1,825,0.11,-0.07,-0.77,-1.49,-0.42,-0.13,0
29.89,1,0,1,739,0.19,0.02,-0.88,-0.76,-1.34,0.08,0
29.85,1,0,1,760,0.27,-0.02,-1.41,-0.69,-2.05,-0.24,0
29.85,1,0,1,764,0.23,-0.02,-1.23,-0.12,-1.92,0.37,0
29.94,1,0,1,812,0.29,0.04,-1.41,-0.4,-1.65,0.18,0
29.89,1,0,1,812,0.23,0,-1.1,0.24,-1.48,0.18,0
29.8,1,0,1,811,0.27,-0.06,-1.67,-0.27,0.59,0,0
29.85,1,0,1,780,0.31,-0.04,-1.74,0.32,0.85,-0.01,0
29.94,1,0,1,806,0.06,-0.04,-0.43,0.15,-2.91,0.52,0
29.75,1,0,1,777,0.19,-0.04,-1.09,-0.52,-0.71,0.15,0
29.8,1,0,1,836,0.2,-0.02,-1.03,-1.34,-1.72,0.04,0
29.8,1,0,1,749,0.25,-0.02,-1.32,0.34,-1.08,0.28,0
29.8,1,0,1,859,0.22,-0.04,-1.18,-0.82,-1.11,0.24,0
29.94,1,0,1,808,0.26,0.02,-1.22,0.02,-1.41,0.23,0
29.85,1,0,1,793,0.21,-0.04,-1.23,-0.18,-0.82,0.23,0
29.85,1,0,1,873,0.12,-0.07,-0.83,-0.53,-1.11,0.07,0
29.89,1,0,1,823,0.21,0.01,-0.95,-0.21,-2.28,0.23,0
29.89,1,0,1,824,0.2,-0.05,-1.18,-0.05,-1.49,0.11,0
29.89,1,0,1,824,0.12,-0.04,-0.66,-0.89,-1.11,0.11,0
29.8,1,0,1,851,0.42,-0.06,-2,3.87,0.57,-0.46,0
29.85,1,0,1,827,0.09,0,-0.3,-1.79,-1.08,0.1,0
29.85,1,0,1,818,0.2,-0.02,-1.04,-0.47,-1.42,0.08,0
29.99,1,0,1,829,0.21,-0.05,-1.22,-0.24,-1.08,0.21,0
29.89,1,0,1,809,0.19,-0.04,-1.13,-0.11,-1.88,0.21,0
29.89,1,0,1,848,0.17,-0.06,-0.95,-5.12,-0.52,0.53,0
29.89,1,0,1,847,0.17,-0.01,-0.9,-0.02,-1.73,0.32,0
29.85,1,1,1,881,-0.06,-0.02,0.57,-12.37,-10.81,1.26,0
29.89,1,1,1,855,0.04,-0.07,-0.44,-0.28,-4.08,-0.31,0
29.8,1,0,1,827,0.14,0,-0.71,-0.27,-1.85,0.19,0
29.94,1,1,1,855,0.12,0.03,-0.38,-8.74,0.3,-0.21,0
29.85,1,0,1,873,0.25,-0.03,-1.37,-0.45,-0.99,0.04,0
29.8,1,0,1,859,0.3,-0.02,-1.56,-0.27,-1.85,0.07,0
29.89,1,1,1,827,-0.05,-0.04,0.35,-6.44,7.02,1.24,0
29.89,1,0,1,872,0.21,-0.01,-1,-0.44,-1.65,0.31,0
29.75,1,0,1,794,0.25,0,-1.26,-0.82,-1.5,0.2,0
29.85,1,0,1,875,0.36,-0.02,-2,2.27,-3.58,0.08,0
29.85,1,0,1,873,0.14,-0.02,-0.71,-1.35,0.2,0.26,0
29.89,1,0,1,869,0.12,0,-0.54,-0.47,-1.15,0.2,0
29.8,1,0,1,825,0.05,-0.07,-0.46,-1.3,-1.12,0.09,0
29.8,1,0,1,801,0.23,0.01,-1.15,0.14,-2.35,0.2,0
29.94,1,0,1,806,0.29,-0.06,-1.74,-0.35,-2.03,0.11,0
29.85,1,0,1,905,0.12,-0.03,-0.64,-2.56,0.98,0.1,0
29.8,1,0,1,891,0.27,-0.03,-1.53,-0.14,-1.55,0.18,0
29.8,1,0,1,890,0.2,-0.03,-1.06,-0.74,-1.08,0.18,0
29.89,1,0,1,890,0.2,-0.03,-1.06,-0.66,-1.08,0.05,0
29.94,1,0,1,890,0.2,-0.03,-1.05,-0.48,-1.25,0.08,0
29.85,1,0,1,890,0.2,-0.03,-1.06,-0.64,-1.22,0.11,0
29.94,1,0,1,890,0.2,-0.03,-1.06,-0.65,-1.25,0.18,0
29.8,1,0,1,890,0.2,-0.02,-1.05,-0.83,-1.21,0.16,0
29.8,1,0,1,890,0.2,-0.02,-1.05,-0.49,-1.27,0.09,0
29.89,1,0,1,890,0.2,-0.02,-1.05,-0.69,-1.3,0.07,0
29.85,1,0,1,890,0.2,-0.02,-1.06,-0.58,-1.05,0.15,0
29.85,1,0,1,890,0.2,-0.02,-1.06,-0.52,-1.2,0.14,0
29.89,1,0,1,890,0.2,-0.03,-1.06,-0.57,-1.17,0.08,0
29.28,1,1,1,836,1.22,-0.14,-2,6.21,8.43,1.09,0
29.28,1,1,1,849,-0.53,0.12,2,-15.5,-15.08,0.18,0
29.28,1,1,1,769,0.62,-0.14,-2,3.89,5.66,0.28,0
29.28,1,1,0,861,0.21,0.1,-1.91,-1.6,0.98,-0.47,0
38.03,1,1,1,854,-0.75,0.15,2,-10.6,8.3,0.29,0
29.28,1,1,1,711,0.84,-0.13,-2,7.63,-2.02,-0.67,0
29.24,1,1,0,852,0.3,0.05,-2,-3.44,-6.91,-0.89,0
29.33,1,1,1,814,-0.76,0.12,2,-15.37,10.25,0.51,0
29.33,1,1,1,821,0.56,-0.08,-2,9.05,2.47,-0.07,0
29.24,1,1,0,703,0.94,-0.1,-2,1.22,1.69,0.84,0
29.19,1,0,1,844,-0.38,0.13,2,-10.26,-16.14,-2.05,0
29.24,1,1,0,852,-0.62,-0.05,2,0.01,1.01,0.38,0
29.28,1,1,1,896,0.59,-0.13,-2,8.53,0.15,-0.32,0
29.33,1,1,1,818,1.22,-0.16,-2,4.73,2.04,0.06,0
29.28,1,1,1,836,0.33,0.05,-2,-0.44,-2.63,-1.05,0
29.28,1,0,1,883,-0.34,0.14,2,-11.25,-6.86,-0.11,0
29.19,1,1,0,832,-0.77,0.18,2,-18.97,4.86,-0.47,0
29.28,1,1,0,835,-0.56,-0.03,2,4.53,-3.07,0.2,0
29.42,1,1,1,776,0.1,-0.14,0,14.63,-4.56,1.27,0
29.33,1,1,1,813,0.39,0.08,-2,7.96,1.04,-0.32,0
29.33,1,1,1,749,0.79,-0.17,-2,7.95,-2.89,-0.99,0
29.28,1,1,1,707,1.06,-0.11,-2,7.82,-4.6,-0.62,0
29.28,1,1,0,746,1.13,-0.15,-2,7.73,-5.55,-0.1,0
29.33,1,1,0,773,1.18,-0.16,-2,9.38,1.52,0.27,0
29.24,1,1,0,728,1.05,-0.11,-2,6.66,-3.53,-0.45,0
29.28,1,0,1,692,0.87,-0.12,-2,8.28,-2.41,-0.73,0
29.28,1,1,1,682,0.55,-0.08,-2,8.01,2.97,-0.28,0
29.28,1,1,1,823,0.25,-0.02,-1.03,9.54,-4.87,0.73,0
29.14,1,1,1,841,-0.46,0.12,2,33.25,-9,-0.11,0
29.33,1,1,0,842,-0.79,0.15,2,-15.03,6.92,0.11,0
29.33,1,1,0,822,-0.48,0.23,2,-13.55,-12.73,-0.25,0
29.33,1,1,0,857,0.03,0.08,-0.91,-5.21,-4.69,-0.58,0
29.33,1,1,0,751,1.18,-0.14,-2,3.51,7,1.4,0
29.24,1,1,1,661,0.81,-0.17,-2,7.84,-3.13,-0.47,0
29.24,1,1,1,819,-0.41,0.1,2,2.21,1.49,1.18,0
29.33,1,1,1,821,-0.54,0.23,2,-13.94,-8.89,0.1,0
29.24,1,1,1,758,0.48,-0.02,-2,-1.56,1.49,0.64,0
29.24,1,1,1,753,0.91,-0.13,-2,7.88,-3.26,-0.58,0
29.24,1,1,1,835,-0.73,-0.18,2,-7.54,3.41,-0.18,0
29.24,1,1,1,808,-0.11,0.09,0.34,-6.59,-3.77,0.91,0
29.19,1,0,0,711,1.27,-0.19,-2,7.85,-7.94,0.16,0
29.19,1,1,0,772,-0.77,-0.14,2,-6.51,2.31,0.02,0
29.19,1,1,1,842,0.23,0.01,-2,-2.47,5.27,0,0
29.28,1,1,1,744,0.48,0.08,-2,8.47,-0.11,-0.52,0
29.24,1,1,1,862,-0.4,0.3,2,-11.59,-20.68,-2.18,0
29.28,1,1,1,788,1.31,-0.24,-2,8.83,-7.26,-0.11,0
29.19,1,1,0,839,-0.83,0.17,2,-24.35,8.11,-1.18,0
29.28,1,1,0,738,1.34,-0.17,-2,5,8.78,0.78,0
29.28,1,1,1,818,-0.85,0.18,2,-20.58,2.85,-1.37,0
29.33,1,1,1,791,1.37,-0.21,-2,6.76,-2.27,0.34,0
29.33,1,1,0,887,-0.72,0.14,2,-12.92,0.42,-1.9,0
29.33,1,1,1,709,1,-0.1,-2,9.77,-7.77,-0.32,0
29.14,1,1,0,867,-0.13,0.24,2,-5.75,-17.92,-1.34,0
29.33,1,1,1,818,0.15,-0.15,0.74,21.04,-9.98,1.03,0
29.24,1,1,1,815,1.04,-0.17,-2,1.32,8.66,1.85,0
29.24,1,1,0,866,-0.71,0.11,2,-15.6,3.37,-1.56,0
29.24,1,1,1,674,0.28,0.23,-2,3.89,9.01,-0.21,0
29.24,1,1,0,771,0.83,-0.21,-2,1.05,4.36,0.66,0
29.24,1,1,1,905,-0.44,0.37,2,-15.18,-9.39,-0.23,0
29.24,1,1,1,869,-0.22,0.13,2,7.67,-3.11,2.16,0
29.33,1,0,1,784,1.28,-0.14,-2,5.72,-8.95,-0.09,0
29.24,1,1,1,777,0.48,-0.05,-2,0.1,-1.05,-0.63,0
29.33,1,1,0,894,-0.28,0.39,2,-12.35,-19.33,-1.82,0
29.19,1,1,0,864,-0.86,-0.29,2,-11.14,7.76,0.47,0
29.19,1,1,1,716,0.16,-0.07,-0.68,8.54,3.45,0.92,0
29.28,1,1,0,726,1.11,-0.07,-2,7.75,-9.66,-0.24,0
29.19,1,1,1,735,1.31,-0.22,-2,3.27,11.02,1.84,0
29.28,1,1,0,777,0.59,-0.06,-2,2.99,4.67,-0.68,0
29.28,1,1,0,907,0.13,0.15,-1.85,-3.08,-5.67,1.26,0
29.19,1,1,1,919,-0.03,0.26,2,-5.77,-16.17,-1.76,0
29.28,1,1,0,902,-0.15,0.35,2,-12.72,-15.37,-2.89,0
29.24,1,1,0,923,-0.46,0.35,2,-15.4,-0.97,0.67,0
29.24,1,1,0,895,-0.41,0.37,2,-12.13,-6.7,-1.05,0
29.28,1,1,0,886,-0.38,0.36,2,-12.83,-9.08,-1.79,0
29.28,1,1,0,888,-0.09,0.32,2,-9.97,-21.87,-4.15,0
29.28,1,1,0,896,0.09,0.25,0.89,-3.86,-14.63,-0.34,0
29.19,1,1,1,827,0.35,0.06,-2,2.39,-1.26,-0.09,0
29.28,1,1,1,800,0.84,-0.14,-2,5.07,3.35,-0.25,0
29.19,1,1,1,742,1.45,-0.42,-2,6.89,16.44,1.18,0
29.38,1,1,1,762,0.82,-0.33,-2,7.79,1.84,0.74,0
29.28,1,1,1,839,-0.17,0.13,2,11.08,-3.46,1.91,0
29.28,1,1,0,883,-1.08,0.18,2,-19.02,4.86,-0.96,0
-15.73,1,1,0,860,-1.08,0.18,2,-19.02,4.86,-0.96,0
29.19,1,1,1,800,0.95,-0.19,-2,6.14,5.14,-0.09,0
29.19,1,1,1,707,0.9,-0.36,-2,6.18,-1.41,0.01,0
29.24,1,1,0,850,-0.94,-0.13,2,-8.03,2.21,0.54,0
29.33,1,1,1,838,0.27,0.33,-1.04,-3.66,-12.24,1.55,0
29.19,1,1,1,870,1.42,-0.39,-2,6.95,-3.44,-0.91,0
29.28,1,1,0,876,-0.78,-0.2,2,-11.95,7.01,1,0
29.19,1,1,0,831,0.19,0.25,-0.26,-5.15,-9.12,1.01,0
29.19,1,1,1,756,0.99,-0.18,-2,6.18,-9.77,-1.2,0
29.28,1,1,1,863,-1.12,0.29,2,-11.43,4.13,-1.66,0
29.19,1,1,1,852,1.11,-0.26,-2,7.95,6.03,0.15,0
29.28,1,1,1,792,-0.63,0.39,2,13.86,-5.02,1.02,0
29.19,1,1,1,900,0.6,0.03,-2,2.09,3.01,1.1,0
29.19,1,1,1,758,-0.04,-0.36,1.75,14.14,1.89,0.92,0
29.19,1,1,1,864,0.52,0.13,-2,1.95,-0.63,2.02,0
29.28,1,1,1,852,-0.29,0.05,2,14.35,6.44,1.76,0
29.09,1,1,1,896,0.87,-0.02,-2,6.12,2.64,-1.24,0
29.19,1,1,1,884,-0.84,-0.32,2,1.57,-1.13,1.16,0
29.19,1,1,1,676,1.54,-0.55,-2,7.34,2.08,1.86,0
29.19,1,1,1,839,-0.52,0.3,2,-13.57,-14.11,-0.8,0
29.14,1,1,1,806,0.05,-0.27,0.82,10.57,3.94,1.56,0
29.28,1,1,1,819,1.37,-0.31,-2,9.82,-9.69,-1.44,0
29.19,1,1,0,793,0.23,0.25,-1.34,-4.91,-2.43,1.03,0
36.53,1,0,0,897,-0.89,-0.02,-0.02,-1.97,-1.97,-1.97,0
-6.55,1,0,1,796,0.81,-0.39,-2,6.62,0.3,0.55,0
29.14,1,1,1,863,1.09,-0.02,-2,9.15,3.54,-1.41,0
89.22,1,1,0,839,1.09,-0.02,-2,9.15,3.54,-1.41,0
29.19,1,1,0,895,-0.86,-0.36,2,-12.88,-0.08,0.74,0
29.28,1,1,1,733,0.12,0.69,-1.97,1.12,3.05,2.29,0
29.24,1,1,1,838,1.43,-0.45,-2,8.78,-0.04,0.64,0
29.19,1,1,1,826,1.05,0.07,-2,9.11,2.32,-1.73,0
29.19,1,1,0,744,0.4,0.23,-2,-6.05,4.12,1.97,0
29.19,1,1,1,881,-0.43,0.27,2,-7.99,-8.73,-1.71,0
29.19,1,1,1,835,-0.77,0.33,2,-19.49,-18.47,0.58,0
29.19,1,0,0,872,-1.04,0.26,2,-29.54,-13.53,-6.91,0
29.19,1,1,0,828,-0.93,-0.05,2,-13.83,-0.05,-2.81,0
29.28,1,1,0,832,-0.94,-0.35,2,-29.78,4.47,-1.31,0
29.19,1,0,0,858,-0.96,-0.25,2,-14.11,-0.14,-0.28,0
29.19,1,1,0,828,-0.97,-0.14,2,-31.54,-1.08,-5.15,0
29.14,1,1,1,872,-1.06,-0.01,2,-28.77,-15.94,-3.95,0
29.19,1,1,0,875,-0.6,1.01,2,-19.36,-5.11,2.98,0
29.19,1,1,1,883,0.08,-0.39,0.85,11.47,2.55,2.73,0
29.28,1,1,1,815,0.94,-0.7,-2,-9.85,8.92,-1.63,0
29.19,1,1,1,774,1.42,0.52,-2,8.04,6.42,-1.21,0
36.53,1,1,1,722,1.17,-0.06,-2,6.9,6.42,-1.21,0
29.24,1,1,1,866,-0.44,1.48,1.26,-25.66,-11.95,-2.74,0
29.24,1,1,1,878,1.08,-0.38,-2,29.02,-7.08,-0.54,0
29.33,1,1,1,843,-0.7,-0.79,2,-40.72,-16.82,-4.48,0
29.33,1,1,1,890,1.17,-0.09,-2,38.2,-3.89,3.41,0
29.28,1,1,1,904,-0.65,-0.9,2,-39.14,-26.66,-6.31,0
29.19,1,1,1,897,1.03,-0.45,-2,33.5,-4.5,0.47,0
29.28,1,1,1,876,-0.39,2,1.68,-35.58,-12.28,-3.4,0
29.19,1,1,1,851,-0.07,0.35,1.98,-28.39,-0.24,0.47,0
29.24,1,1,0,905,1.16,-0.4,-2,-5.68,17.89,-2.72,0
29.24,1,1,1,893,-0.7,-0.68,2,-7.84,-4.82,-1.11,0
29.19,1,1,1,900,0.99,-0.51,-2,42,-3.95,1,0
29.19,1,1,0,893,0.62,1.14,-2,34.99,12.53,10.69,0
29.28,1,1,1,845,-0.77,-0.53,2,-20.85,-33.04,-5.04,0
29.33,1,1,1,889,-0.17,0.58,0.1,-5.67,1.27,2.12,0
29.19,1,1,1,887,1.54,-0.76,-2,-19.95,-4.87,-8.28,0
110.67,1,1,0,887,0,0,0,-0.01,-0.01,-0.47,0
36.53,1,1,1,914,0.14,-0.57,-1.47,59.98,24.35,1.88,0
36.53,1,1,1,922,-0.9,-0.4,0.23,65.4,-15.7,-15.7,0
29.28,1,1,1,879,-0.83,1.26,2,64.16,39.11,13.44,0
29.24,1,1,1,884,-0.61,2,2,57.37,47.14,11.15,0
29.19,1,1,1,807,0.07,2,2,47.94,30,18.71,0
40.04,1,1,0,869,0.07,2,2,47.94,30,18.71,0
40.04,1,0,0,893,0.07,2,2,47.94,30,18.71,0
29.24,1,1,0,878,-0.46,-0.28,2,-22.21,1.34,-13.04,0
29.28,1,1,1,870,0,0.18,0.37,-2.97,-0.18,0.65,0
29.33,1,0,1,871,0.19,-0.01,-1.06,-0.25,-1.74,0.17,0
29.24,1,0,1,871,0.19,-0.01,-1.07,-0.31,-1.69,0.12,0
29.28,1,0,1,871,0.19,-0.01,-1.06,-0.44,-1.78,0.08,0
29.24,1,0,1,871,0.18,0,-1.05,-0.3,-1.61,0,0
29.28,1,0,1,871,0.2,-0.01,-1.06,-0.42,-1.53,0.08,0
29.28,1,0,1,871,0.19,0,-1.05,-0.35,-1.61,0.09,0
29.14,1,0,1,871,0.19,-0.02,-1.04,-0.34,-1.6,0.18,0
29.33,1,0,1,871,0.19,0,-1.05,-0.32,-1.44,0.27,0
29.19,1,0,1,871,0.19,-0.01,-1.05,0.05,-2.23,0.12,0
29.24,1,0,1,871,0.2,-0.01,-1.07,-0.32,-1.64,0.15,0
29.24,1,0,1,871,0.19,-0.01,-1.05,-0.34,-1.69,0.09,0
29.19,1,0,1,871,0.19,-0.01,-1.05,-0.15,-1.61,0,0
29.33,1,0,1,871,0.18,-0.01,-1.03,-0.57,-2.01,-0.02,0
29.33,1,0,0,871,0.18,-0.02,-1.06,-0.71,-1.58,0.02,0
29.24,1,0,1,871,0.19,-0.01,-1.06,-0.26,-1.67,0.05,0
29.19,1,0,1,871,0.19,-0.02,-1.06,-0.36,-1.58,0.1,0
29.24,1,0,1,871,0.18,-0.01,-1.06,-0.34,-1.62,0.15,0
29.24,1,0,1,871,0.19,-0.01,-1.06,-0.24,-1.67,0.11,0
